{"stat.chestOpened":3,"stat.walkOneCm":47580,"stat.useItem.carryon.tile_item":2,"stat.pickup.byg.delphinium":1,"stat.drop.icbmclassic.rocketlauncher":1,"stat.pickup.alchemistry.milk":1,"stat.leaveGame":7,"stat.pickup.harvestcraft.cucumberitem":1,"stat.pickup.byg.rose":1,"stat.drop.icbmclassic.missile":1,"stat.pickup.cyberware.surgery_chamber":1,"stat.flyOneCm":306154,"stat.drop":4,"stat.jump":90,"stat.playOneMinute":249178,"stat.drop.harvestcraft.lettuceitem":1,"stat.pickup.byg.angelica":1,"stat.sneakTime":1094,"stat.crouchOneCm":13660,"stat.craftItem.gregtech.mining_hammer":1,"stat.timeSinceDeath":249178,"stat.drop.byg.delphinium":1,"stat.pickup.harvestcraft.lettuceitem":1,"stat.sprintOneCm":14794,"stat.useItem.minecraft.stone_slab2":13}