{"profiles":{"a5ae9f21-af5d-49ea-b6c8-09f039af6301":{"default":true,"hardcore":false,"no_area_of_effects":false,"no_death_mg":false,"peaceful":false,"nether":false,"no_explosions":false,"no_status_effects":false},"e2e05b73-0246-431f-bb48-cbdac715e8ce":{"default":true,"hardcore":false,"no_area_of_effects":false,"no_explosions":false,"peaceful":true,"no_death_mg":false,"no_status_effects":false,"nether":false},"b24ac517-1f03-41fc-be6b-71039f2f2f1b":{"no_status_effects":false,"hardcore":false,"no_explosions":false,"no_death_mg":false,"no_area_of_effects":false,"nether":false,"default":true,"peaceful":true},"6b887e86-6840-39ce-a93c-65dc876bc356":{"default":true}}}