{"stat.chestOpened":3,"stat.useItem.minecraft.bow":2,"stat.leaveGame":18,"stat.pickup.inventorypets.chest_pet":1,"stat.useItem.chiselsandbits.block_bit":115,"stat.useItem.minecraft.diamond_sword":4,"stat.pickup.icbmclassic.missile":1,"stat.jump":1390,"stat.swimOneCm":446,"stat.fallOneCm":37658,"stat.pickup.minecraft.iron_ingot":119,"stat.useItem.aroma1997sdimension.portalframe":9,"stat.crouchOneCm":7445,"stat.pickup.huajiage.lord_core":1,"stat.craftItem.minecraft.iron_ingot":8,"stat.useItem.thermalfoundation.upgrade":1,"stat.useItem.minecraft.stone_slab2":300,"stat.pickup.minecraft.iron_ore":201,"stat.damageTaken":11625,"stat.pickup.forbidden_arcanus.runic_tenebris_core":1,"stat.pickup.immersiveengineering.stone_decoration":126,"stat.drop.huajiage.wave_knife":1,"stat.pickup.minecraft.diamond_leggings":1,"stat.flyOneCm":644300,"stat.drop.huajiage.lord_key":1,"stat.killEntity.techguns.ZombieFarmer":1,"stat.damageDealt":2023,"stat.timeSinceDeath":222055,"stat.useItem.thermalexpansion.augment":1,"stat.hopperInspected":1,"stat.pickup.chiselsandbits.block_bit":1,"stat.drop.huajiage.lord_core":1,"stat.killEntity.cyberzombie":1,"stat.walkOneCm":171112,"stat.useItem.minecraft.lever":7,"stat.pickup.cyberware.body_part":1,"stat.pickup.inventorypets.pig_pet":1,"stat.furnaceInteraction":26,"stat.useItem.huajiage.wave_knife":17,"stat.pickup.huajiage.wave_knife":1,"stat.useItem.architecturecraft.shape":52,"stat.craftItem.minecraft.stone_slab2":0,"stat.sprintOneCm":77807,"stat.pickup.armorplus.coal_helmet":2,"stat.drop.huajiage.second_foil":1,"stat.pickup.immersiveengineering.tool":1,"stat.useItem.carryon.tile_item":1,"stat.killEntity.Chicken":1,"stat.pickup.minecraft.diamond_helmet":1,"stat.craftItem.armorplus.coal_helmet":1,"stat.pickup.inventorypets.pet_politically_correct":1,"stat.pickup.minecraft.diamond_chestplate":1,"stat.mobKills":7,"stat.pickup.minecraft.diamond_boots":1,"stat.useItem.chiselsandbits.chiseled_rock":50,"stat.drop.icbmclassic.missile":1,"stat.pickup.huajiage.lord_key":1,"stat.pickup.minecraft.lever":1,"stat.deaths":11,"stat.drop":5,"stat.playOneMinute":450588,"stat.pickup.minecraft.blaze_rod":1,"stat.pickup.huajiage.second_foil":1,"stat.killEntity.Sheep":3,"stat.useItem.appliedenergistics2.part":3,"stat.pickup.inventorypets.blaze_pet":1,"stat.sneakTime":6035,"stat.diveOneCm":378}