{
  "inventorypets:inventorypets/root": {
    "criteria": {
      "auto": "2022-12-23 13:02:31 -0800"
    },
    "done": true
  },
  "inventorypets:inventorypets/1": {
    "criteria": {
      "example": "2023-01-13 19:18:30 -0800"
    },
    "done": true
  },
  "minecraft:recipes/brewing/blaze_powder": {
    "criteria": {
      "has_blaze_rod": "2022-12-23 13:08:51 -0800"
    },
    "done": true
  },
  "minecraft:recipes/decorations/iron_bars": {
    "criteria": {
      "has_iron_ingot": "2023-01-13 19:34:17 -0800"
    },
    "done": true
  },
  "bhc:main/red_heart_canister": {
    "criteria": {
      "red_heart_canister_in_inventory": "2023-01-13 18:42:23 -0800"
    },
    "done": true
  },
  "minecraft:recipes/combat/iron_sword": {
    "criteria": {
      "has_iron_ingot": "2023-01-13 19:34:17 -0800"
    },
    "done": true
  },
  "movingelevators:recipes/button_block": {
    "criteria": {
      "recipe_condition": "2023-01-14 00:04:46 -0800"
    },
    "done": true
  },
  "mcwtrpdoors:recipes/metal/metal_trapdoor": {
    "criteria": {
      "has_planks": "2023-01-13 19:34:17 -0800"
    },
    "done": true
  },
  "minecraft:recipes/combat/diamond_chestplate": {
    "criteria": {
      "has_diamond": "2023-01-10 18:23:43 -0800"
    },
    "done": true
  },
  "minecraft:nether/obtain_blaze_rod": {
    "criteria": {
      "blaze_rod": "2022-12-23 13:08:51 -0800"
    },
    "done": true
  },
  "advancedrocketry:normal/holographic": {
    "criteria": {
      "warp": "2023-01-10 19:07:09 -0800"
    },
    "done": true
  },
  "minecraft:recipes/tools/diamond_axe": {
    "criteria": {
      "has_diamond": "2023-01-10 18:23:43 -0800"
    },
    "done": true
  },
  "minecraft:recipes/tools/iron_pickaxe": {
    "criteria": {
      "has_iron_ingot": "2023-01-13 19:34:17 -0800"
    },
    "done": true
  },
  "minecraft:recipes/transportation/minecart": {
    "criteria": {
      "has_iron_ingot": "2023-01-13 19:34:17 -0800"
    },
    "done": true
  },
  "minecraft:adventure/adventuring_time": {
    "criteria": {
      "plains": "2022-12-23 13:02:31 -0800"
    },
    "done": false
  },
  "minecraft:recipes/redstone/iron_door": {
    "criteria": {
      "has_iron_ingot": "2023-01-13 19:34:17 -0800"
    },
    "done": true
  },
  "minecraft:recipes/combat/diamond_leggings": {
    "criteria": {
      "has_diamond": "2023-01-10 18:23:43 -0800"
    },
    "done": true
  },
  "trashcans:recipes/item_trash_can": {
    "criteria": {
      "recipe_condition": "2023-01-13 22:12:45 -0800"
    },
    "done": true
  },
  "inventorypets:inventorypets/chest": {
    "criteria": {
      "crafting_table": "2023-01-13 19:18:30 -0800"
    },
    "done": true
  },
  "minecraft:recipes/tools/iron_hoe": {
    "criteria": {
      "has_iron_ingot": "2023-01-13 19:34:17 -0800"
    },
    "done": true
  },
  "iceandfire:iceandfire/root": {
    "criteria": {
      "tick": "2023-01-10 16:54:11 -0800"
    },
    "done": true
  },
  "immersiveengineering:main/craft_hammer": {
    "criteria": {
      "craft_hammer": "2023-01-10 19:05:31 -0800"
    },
    "done": true
  },
  "minecraft:husbandry/root": {
    "criteria": {
      "consumed_item": "2023-01-10 19:25:39 -0800"
    },
    "done": true
  },
  "minecraft:recipes/misc/iron_nugget": {
    "criteria": {
      "has_iron_ingot": "2023-01-13 19:34:17 -0800"
    },
    "done": true
  },
  "minecraft:recipes/decorations/chest": {
    "criteria": {
      "has_lots_of_items": "2022-12-23 13:09:12 -0800"
    },
    "done": true
  },
  "minecraft:story/shiny_gear": {
    "criteria": {
      "diamond_boots": "2023-01-10 18:55:45 -0800"
    },
    "done": true
  },
  "minecraft:recipes/transportation/birch_boat": {
    "criteria": {
      "entered_water": "2023-01-10 19:03:45 -0800"
    },
    "done": true
  },
  "minecraft:recipes/building_blocks/iron_block": {
    "criteria": {
      "has_at_least_9_iron_ingot": "2023-01-13 19:34:17 -0800"
    },
    "done": true
  },
  "minecraft:recipes/transportation/acacia_boat": {
    "criteria": {
      "entered_water": "2023-01-10 19:03:45 -0800"
    },
    "done": true
  },
  "minecraft:recipes/tools/iron_shovel": {
    "criteria": {
      "has_iron_ingot": "2023-01-13 19:34:17 -0800"
    },
    "done": true
  },
  "minecraft:recipes/combat/diamond_sword": {
    "criteria": {
      "has_diamond": "2023-01-10 18:23:43 -0800"
    },
    "done": true
  },
  "minecraft:recipes/redstone/iron_trapdoor": {
    "criteria": {
      "has_iron_ingot": "2023-01-13 19:34:17 -0800"
    },
    "done": true
  },
  "movingelevators:recipes/elevator_block": {
    "criteria": {
      "recipe_condition": "2023-01-13 22:12:45 -0800"
    },
    "done": true
  },
  "inventorypets:inventorypets/use_meta": {
    "criteria": {
      "example": "2023-01-13 19:18:30 -0800"
    },
    "done": true
  },
  "minecraft:recipes/tools/shears": {
    "criteria": {
      "has_iron_ingot": "2023-01-13 19:34:17 -0800"
    },
    "done": true
  },
  "minecraft:recipes/building_blocks/stone_slab": {
    "criteria": {
      "has_stone": "2023-01-13 19:10:58 -0800"
    },
    "done": true
  },
  "trashcans:recipes/energy_trash_can": {
    "criteria": {
      "recipe_condition": "2023-01-13 22:12:45 -0800"
    },
    "done": true
  },
  "minecraft:adventure/root": {
    "criteria": {
      "killed_by_something": "2023-01-10 18:42:30 -0800"
    },
    "done": true
  },
  "minecraft:recipes/redstone/stone_pressure_plate": {
    "criteria": {
      "has_stone": "2023-01-13 19:10:58 -0800"
    },
    "done": true
  },
  "mowziesmobs:root": {
    "criteria": {
      "custom_test_name": "2022-12-23 13:02:32 -0800"
    },
    "done": true
  },
  "minecraft:recipes/transportation/boat": {
    "criteria": {
      "entered_water": "2023-01-10 19:03:45 -0800"
    },
    "done": true
  },
  "colossalchests:uncolossal": {
    "criteria": {
      "criteria_0": "2023-01-10 18:31:54 -0800"
    },
    "done": true
  },
  "minecraft:recipes/transportation/jungle_boat": {
    "criteria": {
      "entered_water": "2023-01-10 19:03:45 -0800"
    },
    "done": true
  },
  "forbidden_arcanus:dark_nether_star": {
    "criteria": {
      "crafting_table": "2023-01-13 19:16:06 -0800"
    },
    "done": true
  },
  "minecraft:recipes/decorations/jukebox": {
    "criteria": {
      "has_diamond": "2023-01-10 18:23:43 -0800"
    },
    "done": true
  },
  "minecraft:adventure/shoot_arrow": {
    "criteria": {
      "shot_arrow": "2023-01-10 18:49:17 -0800"
    },
    "done": true
  },
  "minecraft:recipes/transportation/spruce_boat": {
    "criteria": {
      "entered_water": "2023-01-10 19:03:45 -0800"
    },
    "done": true
  },
  "minecraft:recipes/redstone/dispenser": {
    "criteria": {
      "has_bow": "2023-01-10 18:49:11 -0800"
    },
    "done": true
  },
  "bhc:main/yellow_heart_canister": {
    "criteria": {
      "orange_heart_canister_in_inventory": "2023-01-13 18:42:22 -0800"
    },
    "done": true
  },
  "minecraft:recipes/building_blocks/diamond_block": {
    "criteria": {
      "has_at_least_9_diamond": "2023-01-10 18:23:43 -0800"
    },
    "done": true
  },
  "minecraft:recipes/redstone/heavy_weighted_pressure_plate": {
    "criteria": {
      "has_iron_ingot": "2023-01-13 19:34:17 -0800"
    },
    "done": true
  },
  "minecraft:recipes/transportation/dark_oak_boat": {
    "criteria": {
      "entered_water": "2023-01-10 19:03:45 -0800"
    },
    "done": true
  },
  "minecraft:recipes/tools/diamond_pickaxe": {
    "criteria": {
      "has_diamond": "2023-01-10 18:23:43 -0800"
    },
    "done": true
  },
  "minecraft:recipes/tools/diamond_hoe": {
    "criteria": {
      "has_diamond": "2023-01-10 18:23:43 -0800"
    },
    "done": true
  },
  "minecraft:recipes/tools/diamond_shovel": {
    "criteria": {
      "has_diamond": "2023-01-10 18:23:43 -0800"
    },
    "done": true
  },
  "minecraft:recipes/combat/iron_leggings": {
    "criteria": {
      "has_iron_ingot": "2023-01-13 19:34:17 -0800"
    },
    "done": true
  },
  "minecraft:recipes/tools/iron_axe": {
    "criteria": {
      "has_iron_ingot": "2023-01-13 19:34:17 -0800"
    },
    "done": true
  },
  "advancedrocketry:normal/root": {
    "criteria": {
      "crafting_table": "2023-01-10 18:06:48 -0800"
    },
    "done": true
  },
  "minecraft:recipes/building_blocks/stonebrick": {
    "criteria": {
      "has_stone": "2023-01-13 19:10:58 -0800"
    },
    "done": true
  },
  "minecraft:recipes/combat/shield": {
    "criteria": {
      "has_iron_ingot": "2023-01-13 19:34:17 -0800"
    },
    "done": true
  },
  "forbidden_arcanus:root": {
    "criteria": {
      "crafting_table": "2022-12-23 13:02:31 -0800"
    },
    "done": true
  },
  "inventorypets:inventorypets/pig": {
    "criteria": {
      "crafting_table": "2023-01-13 19:58:27 -0800"
    },
    "done": true
  },
  "inventorypets:inventorypets/politicallycorrect": {
    "criteria": {
      "crafting_table": "2023-01-13 19:18:40 -0800"
    },
    "done": true
  },
  "minecraft:recipes/misc/bucket": {
    "criteria": {
      "has_iron_ingot": "2023-01-13 19:34:17 -0800"
    },
    "done": true
  },
  "minecraft:recipes/combat/iron_boots": {
    "criteria": {
      "has_iron_ingot": "2023-01-13 19:34:17 -0800"
    },
    "done": true
  },
  "minecraft:recipes/redstone/hopper": {
    "criteria": {
      "has_iron_ingot": "2023-01-13 19:34:17 -0800"
    },
    "done": true
  },
  "inventorypets:inventorypets/meta": {
    "criteria": {
      "crafting_table": "2023-01-13 19:18:29 -0800"
    },
    "done": true
  },
  "minecraft:recipes/combat/diamond_boots": {
    "criteria": {
      "has_diamond": "2023-01-10 18:23:43 -0800"
    },
    "done": true
  },
  "movingelevators:recipes/movingelevators/button_block": {
    "criteria": {
      "can_unlock_recipe": "2023-01-14 00:04:46 -0800"
    },
    "done": true
  },
  "minecraft:story/mine_diamond": {
    "criteria": {
      "diamond": "2023-01-10 18:23:43 -0800"
    },
    "done": true
  },
  "minecraft:recipes/combat/diamond_helmet": {
    "criteria": {
      "has_diamond": "2023-01-10 18:23:43 -0800"
    },
    "done": true
  },
  "minecraft:story/root": {
    "criteria": {
      "crafting_table": "2023-01-10 18:06:48 -0800"
    },
    "done": true
  },
  "movingelevators:recipes/movingelevators/display_block": {
    "criteria": {
      "can_unlock_recipe": "2023-01-14 00:04:46 -0800"
    },
    "done": true
  },
  "minecraft:recipes/redstone/stone_button": {
    "criteria": {
      "has_stone": "2023-01-13 19:10:58 -0800"
    },
    "done": true
  },
  "minecraft:recipes/combat/iron_chestplate": {
    "criteria": {
      "has_iron_ingot": "2023-01-13 19:34:17 -0800"
    },
    "done": true
  },
  "nuclearcraft:root": {
    "criteria": {
      "location": "2022-12-23 13:02:31 -0800"
    },
    "done": true
  },
  "minecraft:story/smelt_iron": {
    "criteria": {
      "iron": "2023-01-13 19:34:17 -0800"
    },
    "done": true
  },
  "minecraft:recipes/misc/coal": {
    "criteria": {
      "has_coal_block": "2023-01-10 18:36:22 -0800"
    },
    "done": true
  },
  "inventorypets:inventorypets/blaze": {
    "criteria": {
      "crafting_table": "2023-01-13 19:18:51 -0800"
    },
    "done": true
  },
  "mcwtrpdoors:recipes/metal/metal_full_trapdoor": {
    "criteria": {
      "has_planks": "2023-01-13 19:34:17 -0800"
    },
    "done": true
  },
  "minecraft:recipes/brewing/brewing_stand": {
    "criteria": {
      "has_blaze_rod": "2022-12-23 13:08:51 -0800"
    },
    "done": true
  },
  "movingelevators:recipes/display_block": {
    "criteria": {
      "recipe_condition": "2023-01-14 00:04:46 -0800"
    },
    "done": true
  },
  "movingelevators:recipes/movingelevators/elevator_block": {
    "criteria": {
      "can_unlock_recipe": "2023-01-13 22:12:45 -0800"
    },
    "done": true
  },
  "minecraft:recipes/combat/iron_helmet": {
    "criteria": {
      "has_iron_ingot": "2023-01-13 19:34:17 -0800"
    },
    "done": true
  }
}