{
  "minecraft:recipes/redstone/stone_button": {
    "criteria": {
      "has_stone": "2022-12-22 13:23:59 -0800"
    },
    "done": true
  },
  "inventorypets:inventorypets/root": {
    "criteria": {
      "auto": "2022-12-22 13:22:05 -0800"
    },
    "done": true
  },
  "nuclearcraft:root": {
    "criteria": {
      "location": "2022-12-22 13:22:05 -0800"
    },
    "done": true
  },
  "minecraft:recipes/building_blocks/stonebrick": {
    "criteria": {
      "has_stone": "2022-12-22 13:23:59 -0800"
    },
    "done": true
  },
  "minecraft:recipes/building_blocks/stone_slab": {
    "criteria": {
      "has_stone": "2022-12-22 13:23:59 -0800"
    },
    "done": true
  },
  "forbidden_arcanus:root": {
    "criteria": {
      "crafting_table": "2022-12-22 13:22:05 -0800"
    },
    "done": true
  },
  "minecraft:recipes/redstone/stone_pressure_plate": {
    "criteria": {
      "has_stone": "2022-12-22 13:23:59 -0800"
    },
    "done": true
  },
  "mowziesmobs:root": {
    "criteria": {
      "custom_test_name": "2022-12-22 13:22:05 -0800"
    },
    "done": true
  },
  "appliedenergistics2:main/spatial_ioport": {
    "criteria": {
      "certus": "2022-12-22 13:28:45 -0800"
    },
    "done": true
  },
  "minecraft:adventure/adventuring_time": {
    "criteria": {
      "forest": "2022-12-22 13:22:05 -0800",
      "river": "2022-12-22 13:22:20 -0800"
    },
    "done": false
  },
  "minecraft:recipes/misc/red_dye_from_poppy": {
    "criteria": {
      "has_red_flower": "2022-12-22 13:27:02 -0800"
    },
    "done": true
  }
}