{"stat.chestOpened":2,"stat.useItem.minecraft.bow":2,"stat.drop.huajiage.lord_core":1,"stat.useItem.cyclicmagic.card_location":4,"stat.walkOneCm":128495,"stat.useItem.cyclicmagic.corrupted_chorus":1,"stat.pickup.cyberware.body_part":1,"stat.leaveGame":6,"stat.pickup.minecraft.diamond_helmet":1,"stat.craftItem.armorplus.coal_helmet":1,"stat.damageTaken":11625,"stat.useItem.chiselsandbits.block_bit":115,"stat.pickup.minecraft.diamond_chestplate":1,"stat.pickup.minecraft.diamond_boots":1,"stat.useItem.chiselsandbits.chiseled_rock":50,"stat.pickup.huajiage.lord_key":1,"stat.useItem.minecraft.diamond_sword":4,"stat.drop.huajiage.wave_knife":1,"stat.pickup.minecraft.diamond_leggings":1,"stat.flyOneCm":474891,"stat.deaths":11,"stat.useItem.huajiage.wave_knife":17,"stat.drop":4,"stat.jump":940,"stat.pickup.huajiage.wave_knife":1,"stat.playOneMinute":251907,"stat.pickup.minecraft.blaze_rod":1,"stat.fallOneCm":37658,"stat.pickup.huajiage.second_foil":1,"stat.sneakTime":2308,"stat.drop.huajiage.lord_key":1,"stat.useItem.architecturecraft.shape":52,"stat.damageDealt":2023,"stat.crouchOneCm":2247,"stat.pickup.huajiage.lord_core":1,"stat.timeSinceDeath":23374,"stat.useItem.thermalexpansion.augment":1,"stat.hopperInspected":1,"stat.useItem.thermalfoundation.upgrade":1,"stat.sprintOneCm":63616,"stat.pickup.armorplus.coal_helmet":2,"stat.useItem.minecraft.stone_slab2":178,"stat.drop.huajiage.second_foil":1,"stat.pickup.immersiveengineering.tool":1,"stat.pickup.chiselsandbits.block_bit":1}