{
  "inventorypets:inventorypets/root": {
    "criteria": {
      "auto": "2022-12-23 13:02:31 -0800"
    },
    "done": true
  },
  "nuclearcraft:root": {
    "criteria": {
      "location": "2022-12-23 13:02:31 -0800"
    },
    "done": true
  },
  "minecraft:nether/obtain_blaze_rod": {
    "criteria": {
      "blaze_rod": "2022-12-23 13:08:51 -0800"
    },
    "done": true
  },
  "forbidden_arcanus:root": {
    "criteria": {
      "crafting_table": "2022-12-23 13:02:31 -0800"
    },
    "done": true
  },
  "minecraft:recipes/decorations/chest": {
    "criteria": {
      "has_lots_of_items": "2022-12-23 13:09:12 -0800"
    },
    "done": true
  },
  "mowziesmobs:root": {
    "criteria": {
      "custom_test_name": "2022-12-23 13:02:32 -0800"
    },
    "done": true
  },
  "minecraft:recipes/brewing/blaze_powder": {
    "criteria": {
      "has_blaze_rod": "2022-12-23 13:08:51 -0800"
    },
    "done": true
  },
  "minecraft:recipes/brewing/brewing_stand": {
    "criteria": {
      "has_blaze_rod": "2022-12-23 13:08:51 -0800"
    },
    "done": true
  },
  "minecraft:adventure/adventuring_time": {
    "criteria": {
      "plains": "2022-12-23 13:02:31 -0800"
    },
    "done": false
  }
}