<?xml version="1.0" encoding="UTF-8" standalone="no"?>
<galaxy>
    <star blackHole="false" name="Sol" numGasGiants="0" numPlanets="0" size="1.0" temp="100" x="0" y="0">
        <planet DIMID="16" name="Sol 16">
            <isKnown>false</isKnown>
            <fogColor>1.0,1.0,1.0</fogColor>
            <skyColor>0.8,0.62280416,0.7768224</skyColor>
            <gravitationalMultiplier>126</gravitationalMultiplier>
            <orbitalDistance>143</orbitalDistance>
            <orbitalTheta>331</orbitalTheta>
            <orbitalPhi>233</orbitalPhi>
            <retrograde>false</retrograde>
            <avgTemperature>260</avgTemperature>
            <rotationalPeriod>11856</rotationalPeriod>
            <atmosphereDensity>138</atmosphereDensity>
            <generateCraters>false</generateCraters>
            <generateCaves>false</generateCaves>
            <generateVolcanos>false</generateVolcanos>
            <generateStructures>true</generateStructures>
            <generateGeodes>true</generateGeodes>
            <biomeIds>minecraft:deep_ocean;30,minecraft:mutated_forest;30,midnight:vigilant_forest;30,minecraft:mesa;30,byg:borchard;4</biomeIds>
            <planet DIMID="17" name="Sol 16: 0">
                <isKnown>false</isKnown>
                <fogColor>1.0,1.0,1.0</fogColor>
                <skyColor>0.8,0.87663037,1.0</skyColor>
                <gravitationalMultiplier>72</gravitationalMultiplier>
                <orbitalDistance>157</orbitalDistance>
                <orbitalTheta>90</orbitalTheta>
                <orbitalPhi>-42</orbitalPhi>
                <retrograde>false</retrograde>
                <avgTemperature>204</avgTemperature>
                <rotationalPeriod>64300</rotationalPeriod>
                <atmosphereDensity>36</atmosphereDensity>
                <generateCraters>true</generateCraters>
                <generateCaves>false</generateCaves>
                <generateVolcanos>false</generateVolcanos>
                <generateStructures>false</generateStructures>
                <generateGeodes>false</generateGeodes>
                <biomeIds>byg:bcolored_canyons;3,tardis:farmlands;30,minecraft:mesa_rock;30,immersiveintelligence:wasteland;30,byg:bquagmire;3</biomeIds>
            </planet>
            <planet DIMID="18" name="Sol 16: 1">
                <isKnown>false</isKnown>
                <fogColor>1.0,1.0,1.0</fogColor>
                <skyColor>0.8,0.7715273,0.8758928</skyColor>
                <gravitationalMultiplier>51</gravitationalMultiplier>
                <orbitalDistance>117</orbitalDistance>
                <orbitalTheta>159</orbitalTheta>
                <orbitalPhi>-240</orbitalPhi>
                <retrograde>false</retrograde>
                <avgTemperature>236</avgTemperature>
                <rotationalPeriod>180925</rotationalPeriod>
                <atmosphereDensity>21</atmosphereDensity>
                <generateCraters>true</generateCraters>
                <generateCaves>false</generateCaves>
                <generateVolcanos>false</generateVolcanos>
                <generateStructures>false</generateStructures>
                <generateGeodes>false</generateGeodes>
                <biomeIds>advancedrocketry:moon;30,advancedrocketry:moondark;30</biomeIds>
            </planet>
        </planet>
        <planet DIMID="0" dimMapping="" name="Earth">
            <isKnown>true</isKnown>
            <fogColor>1.0,1.0,1.0</fogColor>
            <skyColor>1.0,1.0,1.0</skyColor>
            <gravitationalMultiplier>100</gravitationalMultiplier>
            <orbitalDistance>100</orbitalDistance>
            <orbitalTheta>0</orbitalTheta>
            <orbitalPhi>0</orbitalPhi>
            <retrograde>false</retrograde>
            <avgTemperature>287</avgTemperature>
            <rotationalPeriod>24000</rotationalPeriod>
            <atmosphereDensity>100</atmosphereDensity>
            <generateCraters>false</generateCraters>
            <generateCaves>false</generateCaves>
            <generateVolcanos>false</generateVolcanos>
            <generateStructures>false</generateStructures>
            <generateGeodes>false</generateGeodes>
            <planet DIMID="9" name="Luna">
                <isKnown>false</isKnown>
                <fogColor>1.0,1.0,1.0</fogColor>
                <skyColor>1.0,1.0,1.0</skyColor>
                <gravitationalMultiplier>16</gravitationalMultiplier>
                <orbitalDistance>150</orbitalDistance>
                <orbitalTheta>0</orbitalTheta>
                <orbitalPhi>0</orbitalPhi>
                <retrograde>false</retrograde>
                <avgTemperature>208</avgTemperature>
                <rotationalPeriod>128000</rotationalPeriod>
                <atmosphereDensity>0</atmosphereDensity>
                <generateCraters>true</generateCraters>
                <generateCaves>false</generateCaves>
                <generateVolcanos>false</generateVolcanos>
                <generateStructures>false</generateStructures>
                <generateGeodes>false</generateGeodes>
                <biomeIds>advancedrocketry:moon;30,advancedrocketry:moondark;30</biomeIds>
            </planet>
        </planet>
        <planet DIMID="19" name="Sol 19">
            <isKnown>false</isKnown>
            <fogColor>1.0,1.0,1.0</fogColor>
            <skyColor>0.8,0.6016826,1.0</skyColor>
            <gravitationalMultiplier>99</gravitationalMultiplier>
            <orbitalDistance>189</orbitalDistance>
            <orbitalTheta>248</orbitalTheta>
            <orbitalPhi>-325</orbitalPhi>
            <retrograde>false</retrograde>
            <avgTemperature>186</avgTemperature>
            <rotationalPeriod>24363</rotationalPeriod>
            <atmosphereDensity>46</atmosphereDensity>
            <generateCraters>true</generateCraters>
            <generateCaves>false</generateCaves>
            <generateVolcanos>false</generateVolcanos>
            <generateStructures>false</generateStructures>
            <generateGeodes>false</generateGeodes>
            <biomeIds>advancedrocketry:crystalchasms;30</biomeIds>
        </planet>
        <planet DIMID="20" name="Sol 20">
            <isKnown>false</isKnown>
            <fogColor>1.0,1.0,1.0</fogColor>
            <skyColor>0.8,0.52403486,0.73260903</skyColor>
            <gravitationalMultiplier>93</gravitationalMultiplier>
            <orbitalDistance>128</orbitalDistance>
            <orbitalTheta>243</orbitalTheta>
            <orbitalPhi>-135</orbitalPhi>
            <retrograde>false</retrograde>
            <avgTemperature>285</avgTemperature>
            <rotationalPeriod>29361</rotationalPeriod>
            <atmosphereDensity>159</atmosphereDensity>
            <generateCraters>false</generateCraters>
            <generateCaves>false</generateCaves>
            <generateVolcanos>false</generateVolcanos>
            <generateStructures>true</generateStructures>
            <generateGeodes>true</generateGeodes>
            <seaLevel>78</seaLevel>
            <biomeIds>byg:bbayou;4,byg:bweepingwitchforest;2,advancedrocketry:crystalchasms;30,byg:baspenforest;3,minecraft:mutated_swampland;30</biomeIds>
        </planet>
        <planet DIMID="21" name="Sol 21">
            <isKnown>false</isKnown>
            <fogColor>1.0,1.0,1.0</fogColor>
            <skyColor>0.8,0.53949165,0.28799373</skyColor>
            <gravitationalMultiplier>130</gravitationalMultiplier>
            <orbitalDistance>42</orbitalDistance>
            <orbitalTheta>77</orbitalTheta>
            <orbitalPhi>-165</orbitalPhi>
            <retrograde>false</retrograde>
            <avgTemperature>400</avgTemperature>
            <rotationalPeriod>10923</rotationalPeriod>
            <atmosphereDensity>66</atmosphereDensity>
            <generateCraters>true</generateCraters>
            <generateCaves>false</generateCaves>
            <generateVolcanos>false</generateVolcanos>
            <generateStructures>false</generateStructures>
            <generateGeodes>false</generateGeodes>
            <biomeIds>byg:bredoakforest;4,byg:boutback;3,mahoutsukai:realitymarble;30,midnight:hilly_fungi_forest;30,minecraft:forest;10</biomeIds>
        </planet>
        <planet DIMID="22" name="Sol 22">
            <isKnown>false</isKnown>
            <fogColor>1.0,1.0,1.0</fogColor>
            <skyColor>0.8,0.73674655,0.6206834</skyColor>
            <gravitationalMultiplier>116</gravitationalMultiplier>
            <orbitalDistance>75</orbitalDistance>
            <orbitalTheta>68</orbitalTheta>
            <orbitalPhi>-178</orbitalPhi>
            <retrograde>false</retrograde>
            <avgTemperature>295</avgTemperature>
            <rotationalPeriod>14423</rotationalPeriod>
            <atmosphereDensity>0</atmosphereDensity>
            <generateCraters>true</generateCraters>
            <generateCaves>false</generateCaves>
            <generateVolcanos>false</generateVolcanos>
            <generateStructures>false</generateStructures>
            <generateGeodes>false</generateGeodes>
            <biomeIds>advancedrocketry:moon;30,advancedrocketry:moondark;30</biomeIds>
            <planet DIMID="23" name="Sol 22: 0">
                <isKnown>false</isKnown>
                <fogColor>1.0,1.0,1.0</fogColor>
                <skyColor>0.8,0.7709384,1.0</skyColor>
                <gravitationalMultiplier>41</gravitationalMultiplier>
                <orbitalDistance>182</orbitalDistance>
                <orbitalTheta>87</orbitalTheta>
                <orbitalPhi>-192</orbitalPhi>
                <retrograde>false</retrograde>
                <avgTemperature>189</avgTemperature>
                <rotationalPeriod>348224</rotationalPeriod>
                <atmosphereDensity>13</atmosphereDensity>
                <generateCraters>true</generateCraters>
                <generateCaves>false</generateCaves>
                <generateVolcanos>false</generateVolcanos>
                <generateStructures>false</generateStructures>
                <generateGeodes>false</generateGeodes>
                <biomeIds>advancedrocketry:moon;30,advancedrocketry:moondark;30</biomeIds>
            </planet>
        </planet>
        <planet DIMID="24" name="Sol 24">
            <isKnown>false</isKnown>
            <fogColor>1.0,1.0,1.0</fogColor>
            <skyColor>0.8,0.6873164,0.9080082</skyColor>
            <gravitationalMultiplier>128</gravitationalMultiplier>
            <orbitalDistance>170</orbitalDistance>
            <orbitalTheta>119</orbitalTheta>
            <orbitalPhi>115</orbitalPhi>
            <retrograde>false</retrograde>
            <avgTemperature>234</avgTemperature>
            <rotationalPeriod>11311</rotationalPeriod>
            <atmosphereDensity>127</atmosphereDensity>
            <generateCraters>false</generateCraters>
            <generateCaves>false</generateCaves>
            <generateVolcanos>false</generateVolcanos>
            <generateStructures>false</generateStructures>
            <generateGeodes>true</generateGeodes>
            <biomeIds>minecraft:ice_flats;30</biomeIds>
            <planet DIMID="25" name="Sol 24: 0">
                <isKnown>false</isKnown>
                <fogColor>1.0,1.0,1.0</fogColor>
                <skyColor>0.8,0.99059665,1.0</skyColor>
                <gravitationalMultiplier>70</gravitationalMultiplier>
                <orbitalDistance>184</orbitalDistance>
                <orbitalTheta>63</orbitalTheta>
                <orbitalPhi>-82</orbitalPhi>
                <retrograde>false</retrograde>
                <avgTemperature>188</avgTemperature>
                <rotationalPeriod>69970</rotationalPeriod>
                <atmosphereDensity>36</atmosphereDensity>
                <generateCraters>true</generateCraters>
                <generateCaves>false</generateCaves>
                <generateVolcanos>false</generateVolcanos>
                <generateStructures>false</generateStructures>
                <generateGeodes>false</generateGeodes>
                <biomeIds>advancedrocketry:volcanicbarren;30,byg:bsnowyevergeentaiga;3,minecraft:mutated_savanna_rock;30,byg:bdunes;4,minecraft:mutated_birch_forest_hills;30</biomeIds>
            </planet>
        </planet>
        <planet DIMID="26" name="Sol 26">
            <isKnown>false</isKnown>
            <fogColor>1.0,1.0,1.0</fogColor>
            <skyColor>0.8,0.88655007,0.7005658</skyColor>
            <gravitationalMultiplier>123</gravitationalMultiplier>
            <orbitalDistance>130</orbitalDistance>
            <orbitalTheta>135</orbitalTheta>
            <orbitalPhi>-83</orbitalPhi>
            <retrograde>false</retrograde>
            <avgTemperature>272</avgTemperature>
            <rotationalPeriod>12741</rotationalPeriod>
            <atmosphereDensity>136</atmosphereDensity>
            <generateCraters>false</generateCraters>
            <generateCaves>false</generateCaves>
            <generateVolcanos>false</generateVolcanos>
            <generateStructures>true</generateStructures>
            <generateGeodes>true</generateGeodes>
            <biomeIds>minecraft:extreme_hills;10</biomeIds>
            <planet DIMID="27" name="Sol 26: 0">
                <isKnown>false</isKnown>
                <fogColor>1.0,1.0,1.0</fogColor>
                <skyColor>0.8,0.86833286,0.8804368</skyColor>
                <gravitationalMultiplier>42</gravitationalMultiplier>
                <orbitalDistance>113</orbitalDistance>
                <orbitalTheta>343</orbitalTheta>
                <orbitalPhi>104</orbitalPhi>
                <retrograde>false</retrograde>
                <avgTemperature>240</avgTemperature>
                <rotationalPeriod>323939</rotationalPeriod>
                <atmosphereDensity>27</atmosphereDensity>
                <generateCraters>true</generateCraters>
                <generateCaves>false</generateCaves>
                <generateVolcanos>false</generateVolcanos>
                <generateStructures>false</generateStructures>
                <generateGeodes>false</generateGeodes>
                <biomeIds>byg:bmeadow;3,minecraft:mutated_swampland;30,minecraft:mutated_savanna;30,minecraft:mushroom_island_shore;30,byg:breddesert;4</biomeIds>
            </planet>
            <planet DIMID="28" name="Sol 26: 1">
                <isKnown>false</isKnown>
                <fogColor>1.0,1.0,1.0</fogColor>
                <skyColor>0.8,0.5844243,0.98209554</skyColor>
                <gravitationalMultiplier>81</gravitationalMultiplier>
                <orbitalDistance>163</orbitalDistance>
                <orbitalTheta>331</orbitalTheta>
                <orbitalPhi>5</orbitalPhi>
                <retrograde>false</retrograde>
                <avgTemperature>200</avgTemperature>
                <rotationalPeriod>45160</rotationalPeriod>
                <atmosphereDensity>25</atmosphereDensity>
                <generateCraters>true</generateCraters>
                <generateCaves>false</generateCaves>
                <generateVolcanos>false</generateVolcanos>
                <generateStructures>false</generateStructures>
                <generateGeodes>false</generateGeodes>
                <biomeIds>advancedrocketry:moon;30,advancedrocketry:moondark;30</biomeIds>
            </planet>
            <planet DIMID="29" name="Sol 26: 2">
                <isKnown>false</isKnown>
                <fogColor>1.0,1.0,1.0</fogColor>
                <skyColor>0.8,0.7897768,0.9817713</skyColor>
                <gravitationalMultiplier>66</gravitationalMultiplier>
                <orbitalDistance>189</orbitalDistance>
                <orbitalTheta>114</orbitalTheta>
                <orbitalPhi>-79</orbitalPhi>
                <retrograde>false</retrograde>
                <avgTemperature>186</avgTemperature>
                <rotationalPeriod>83479</rotationalPeriod>
                <atmosphereDensity>36</atmosphereDensity>
                <generateCraters>true</generateCraters>
                <generateCaves>false</generateCaves>
                <generateVolcanos>false</generateVolcanos>
                <generateStructures>false</generateStructures>
                <generateGeodes>false</generateGeodes>
                <biomeIds>midnight:hilly_vigilant_forest;30,minecraft:jungle_hills;30,minecraft:jungle;30,minecraft:birch_forest;10,thaumcraft:eldritch;30</biomeIds>
            </planet>
        </planet>
        <planet DIMID="11" name="Sol 11">
            <isKnown>false</isKnown>
            <GasGiant>true</GasGiant>
            <gas>ammonia</gas>
            <gas>oxygen</gas>
            <gas>nitrogen</gas>
            <fogColor>1.0,1.0,1.0</fogColor>
            <skyColor>1.0,1.0,1.0</skyColor>
            <gravitationalMultiplier>97</gravitationalMultiplier>
            <orbitalDistance>180</orbitalDistance>
            <orbitalTheta>0</orbitalTheta>
            <orbitalPhi>0</orbitalPhi>
            <retrograde>false</retrograde>
            <avgTemperature>241</avgTemperature>
            <rotationalPeriod>24000</rotationalPeriod>
            <atmosphereDensity>161</atmosphereDensity>
            <generateCraters>false</generateCraters>
            <generateCaves>false</generateCaves>
            <generateVolcanos>false</generateVolcanos>
            <generateStructures>false</generateStructures>
            <generateGeodes>false</generateGeodes>
        </planet>
        <planet DIMID="12" name="Sol 12">
            <isKnown>false</isKnown>
            <fogColor>1.0,1.0,1.0</fogColor>
            <skyColor>0.8,0.9579895,0.0</skyColor>
            <gravitationalMultiplier>129</gravitationalMultiplier>
            <orbitalDistance>1</orbitalDistance>
            <orbitalTheta>167</orbitalTheta>
            <orbitalPhi>-51</orbitalPhi>
            <retrograde>false</retrograde>
            <avgTemperature>3427</avgTemperature>
            <rotationalPeriod>11051</rotationalPeriod>
            <atmosphereDensity>201</atmosphereDensity>
            <generateCraters>false</generateCraters>
            <generateCaves>false</generateCaves>
            <generateVolcanos>true</generateVolcanos>
            <generateStructures>false</generateStructures>
            <generateGeodes>true</generateGeodes>
            <biomeIds>minecraft:deep_ocean;30,byg:bsavannacanopy;3,byg:bcrystal_canyons;2,advancedrocketry:marsh;30,midnight:deceitful_bog;30</biomeIds>
            <planet DIMID="13" name="Sol 12: 0">
                <isKnown>false</isKnown>
                <fogColor>1.0,1.0,1.0</fogColor>
                <skyColor>0.8,0.55589813,0.8535282</skyColor>
                <gravitationalMultiplier>81</gravitationalMultiplier>
                <orbitalDistance>113</orbitalDistance>
                <orbitalTheta>284</orbitalTheta>
                <orbitalPhi>332</orbitalPhi>
                <retrograde>false</retrograde>
                <avgTemperature>240</avgTemperature>
                <rotationalPeriod>45160</rotationalPeriod>
                <atmosphereDensity>14</atmosphereDensity>
                <generateCraters>true</generateCraters>
                <generateCaves>false</generateCaves>
                <generateVolcanos>false</generateVolcanos>
                <generateStructures>false</generateStructures>
                <generateGeodes>false</generateGeodes>
                <biomeIds>advancedrocketry:moon;30,advancedrocketry:moondark;30</biomeIds>
            </planet>
            <planet DIMID="14" name="Sol 12: 1">
                <isKnown>false</isKnown>
                <fogColor>1.0,1.0,1.0</fogColor>
                <skyColor>0.8,0.5333203,0.9561749</skyColor>
                <gravitationalMultiplier>69</gravitationalMultiplier>
                <orbitalDistance>146</orbitalDistance>
                <orbitalTheta>251</orbitalTheta>
                <orbitalPhi>133</orbitalPhi>
                <retrograde>false</retrograde>
                <avgTemperature>211</avgTemperature>
                <rotationalPeriod>73057</rotationalPeriod>
                <atmosphereDensity>27</atmosphereDensity>
                <generateCraters>true</generateCraters>
                <generateCaves>false</generateCaves>
                <generateVolcanos>false</generateVolcanos>
                <generateStructures>false</generateStructures>
                <generateGeodes>false</generateGeodes>
                <biomeIds>minecraft:beaches;30,minecraft:stone_beach;30,minecraft:forest_hills;30,byg:bbayou;4,byg:bsavannacanopy;3</biomeIds>
            </planet>
            <planet DIMID="15" name="Sol 12: 2">
                <isKnown>false</isKnown>
                <fogColor>1.0,1.0,1.0</fogColor>
                <skyColor>0.8,0.68603307,0.81915784</skyColor>
                <gravitationalMultiplier>80</gravitationalMultiplier>
                <orbitalDistance>118</orbitalDistance>
                <orbitalTheta>43</orbitalTheta>
                <orbitalPhi>-69</orbitalPhi>
                <retrograde>false</retrograde>
                <avgTemperature>235</avgTemperature>
                <rotationalPeriod>46875</rotationalPeriod>
                <atmosphereDensity>24</atmosphereDensity>
                <generateCraters>true</generateCraters>
                <generateCaves>false</generateCaves>
                <generateVolcanos>false</generateVolcanos>
                <generateStructures>false</generateStructures>
                <generateGeodes>false</generateGeodes>
                <biomeIds>advancedrocketry:moon;30,advancedrocketry:moondark;30</biomeIds>
            </planet>
            <oceanBlock>minecraft:lava</oceanBlock>
        </planet>
        <planet DIMID="30" name="Sol 30">
            <isKnown>false</isKnown>
            <fogColor>1.0,1.0,1.0</fogColor>
            <skyColor>0.8,0.86352694,0.82291126</skyColor>
            <gravitationalMultiplier>130</gravitationalMultiplier>
            <orbitalDistance>102</orbitalDistance>
            <orbitalTheta>199</orbitalTheta>
            <orbitalPhi>-200</orbitalPhi>
            <retrograde>false</retrograde>
            <avgTemperature>253</avgTemperature>
            <rotationalPeriod>10923</rotationalPeriod>
            <atmosphereDensity>20</atmosphereDensity>
            <generateCraters>true</generateCraters>
            <generateCaves>false</generateCaves>
            <generateVolcanos>false</generateVolcanos>
            <generateStructures>false</generateStructures>
            <generateGeodes>false</generateGeodes>
            <biomeIds>advancedrocketry:moon;30,advancedrocketry:moondark;30</biomeIds>
        </planet>
    </star>
    <star blackHole="false" name="Wolf 12" numGasGiants="0" numPlanets="0" size="1.0" temp="10" x="300" y="-200">
        <planet DIMID="35" name="Wolf 12 35">
            <isKnown>false</isKnown>
            <fogColor>1.0,1.0,1.0</fogColor>
            <skyColor>0.29323018,0.7996416,1.0</skyColor>
            <gravitationalMultiplier>128</gravitationalMultiplier>
            <orbitalDistance>147</orbitalDistance>
            <orbitalTheta>1</orbitalTheta>
            <orbitalPhi>-197</orbitalPhi>
            <retrograde>false</retrograde>
            <avgTemperature>24</avgTemperature>
            <rotationalPeriod>11311</rotationalPeriod>
            <atmosphereDensity>116</atmosphereDensity>
            <generateCraters>false</generateCraters>
            <generateCaves>false</generateCaves>
            <generateVolcanos>false</generateVolcanos>
            <generateStructures>false</generateStructures>
            <generateGeodes>false</generateGeodes>
            <biomeIds>tardis:moon;30,midnight:obscured_peaks;30,minecraft:forest;10,advancedrocketry:oceanspires;30,byg:blushdesert;4</biomeIds>
            <planet DIMID="36" name="Wolf 12 35: 0">
                <isKnown>false</isKnown>
                <fogColor>1.0,1.0,1.0</fogColor>
                <skyColor>0.34303695,0.5980928,1.0</skyColor>
                <gravitationalMultiplier>74</gravitationalMultiplier>
                <orbitalDistance>192</orbitalDistance>
                <orbitalTheta>270</orbitalTheta>
                <orbitalPhi>92</orbitalPhi>
                <retrograde>false</retrograde>
                <avgTemperature>18</avgTemperature>
                <rotationalPeriod>59226</rotationalPeriod>
                <atmosphereDensity>28</atmosphereDensity>
                <generateCraters>true</generateCraters>
                <generateCaves>false</generateCaves>
                <generateVolcanos>false</generateVolcanos>
                <generateStructures>false</generateStructures>
                <generateGeodes>false</generateGeodes>
                <biomeIds>byg:bcrystal_canyons;2,midnight:deceitful_bog;30,byg:breddesert;4,byg:bfloweringplains;2,minecraft:mutated_redwood_taiga_hills;30</biomeIds>
            </planet>
            <planet DIMID="37" name="Wolf 12 35: 1">
                <isKnown>false</isKnown>
                <fogColor>1.0,1.0,1.0</fogColor>
                <skyColor>0.33613408,0.75378984,1.0</skyColor>
                <gravitationalMultiplier>40</gravitationalMultiplier>
                <orbitalDistance>101</orbitalDistance>
                <orbitalTheta>37</orbitalTheta>
                <orbitalPhi>-23</orbitalPhi>
                <retrograde>false</retrograde>
                <avgTemperature>25</avgTemperature>
                <rotationalPeriod>375000</rotationalPeriod>
                <atmosphereDensity>36</atmosphereDensity>
                <generateCraters>true</generateCraters>
                <generateCaves>false</generateCaves>
                <generateVolcanos>false</generateVolcanos>
                <generateStructures>false</generateStructures>
                <generateGeodes>false</generateGeodes>
                <biomeIds>byg:bprairie;4,byg:bgreatoaklowlands;4,minecraft:jungle_hills;30,minecraft:savanna;30,minecraft:forest_hills;30</biomeIds>
            </planet>
        </planet>
        <planet DIMID="38" name="Wolf 12 38">
            <isKnown>false</isKnown>
            <fogColor>1.0,1.0,1.0</fogColor>
            <skyColor>0.26804882,0.62664855,1.0</skyColor>
            <gravitationalMultiplier>130</gravitationalMultiplier>
            <orbitalDistance>212</orbitalDistance>
            <orbitalTheta>139</orbitalTheta>
            <orbitalPhi>72</orbitalPhi>
            <retrograde>false</retrograde>
            <avgTemperature>17</avgTemperature>
            <rotationalPeriod>10923</rotationalPeriod>
            <atmosphereDensity>0</atmosphereDensity>
            <generateCraters>true</generateCraters>
            <generateCaves>false</generateCaves>
            <generateVolcanos>false</generateVolcanos>
            <generateStructures>false</generateStructures>
            <generateGeodes>false</generateGeodes>
            <biomeIds>advancedrocketry:moon;30,advancedrocketry:moondark;30</biomeIds>
            <planet DIMID="39" name="Wolf 12 38: 0">
                <isKnown>false</isKnown>
                <fogColor>1.0,1.0,1.0</fogColor>
                <skyColor>0.35215455,0.8871614,1.0</skyColor>
                <gravitationalMultiplier>41</gravitationalMultiplier>
                <orbitalDistance>130</orbitalDistance>
                <orbitalTheta>124</orbitalTheta>
                <orbitalPhi>161</orbitalPhi>
                <retrograde>false</retrograde>
                <avgTemperature>22</avgTemperature>
                <rotationalPeriod>348224</rotationalPeriod>
                <atmosphereDensity>14</atmosphereDensity>
                <generateCraters>true</generateCraters>
                <generateCaves>false</generateCaves>
                <generateVolcanos>false</generateVolcanos>
                <generateStructures>false</generateStructures>
                <generateGeodes>false</generateGeodes>
                <biomeIds>advancedrocketry:moon;30,advancedrocketry:moondark;30</biomeIds>
            </planet>
            <planet DIMID="40" name="Wolf 12 38: 1">
                <isKnown>false</isKnown>
                <fogColor>1.0,1.0,1.0</fogColor>
                <skyColor>0.34767127,0.6191317,1.0</skyColor>
                <gravitationalMultiplier>89</gravitationalMultiplier>
                <orbitalDistance>168</orbitalDistance>
                <orbitalTheta>143</orbitalTheta>
                <orbitalPhi>101</orbitalPhi>
                <retrograde>false</retrograde>
                <avgTemperature>19</avgTemperature>
                <rotationalPeriod>34044</rotationalPeriod>
                <atmosphereDensity>33</atmosphereDensity>
                <generateCraters>true</generateCraters>
                <generateCaves>false</generateCaves>
                <generateVolcanos>false</generateVolcanos>
                <generateStructures>false</generateStructures>
                <generateGeodes>false</generateGeodes>
                <biomeIds>minecraft:plains;10,byg:bstellatapasture;3,byg:bfloweringplains;2,midnight:night_plains;30,minecraft:birch_forest;10</biomeIds>
            </planet>
            <planet DIMID="41" name="Wolf 12 38: 2">
                <isKnown>false</isKnown>
                <fogColor>1.0,1.0,1.0</fogColor>
                <skyColor>0.26426136,0.93550265,1.0</skyColor>
                <gravitationalMultiplier>61</gravitationalMultiplier>
                <orbitalDistance>167</orbitalDistance>
                <orbitalTheta>292</orbitalTheta>
                <orbitalPhi>-283</orbitalPhi>
                <retrograde>false</retrograde>
                <avgTemperature>19</avgTemperature>
                <rotationalPeriod>105735</rotationalPeriod>
                <atmosphereDensity>33</atmosphereDensity>
                <generateCraters>true</generateCraters>
                <generateCaves>false</generateCaves>
                <generateVolcanos>false</generateVolcanos>
                <generateStructures>false</generateStructures>
                <generateGeodes>false</generateGeodes>
                <biomeIds>midnight:vigilant_forest;30,byg:bcolored_canyons;3,minecraft:mutated_desert;30,advancedrocketry:marsh;30,minecraft:desert_hills;30</biomeIds>
            </planet>
        </planet>
        <planet DIMID="42" name="Wolf 12 42">
            <isKnown>false</isKnown>
            <fogColor>1.0,1.0,1.0</fogColor>
            <skyColor>0.37061644,0.90642154,1.0</skyColor>
            <gravitationalMultiplier>130</gravitationalMultiplier>
            <orbitalDistance>122</orbitalDistance>
            <orbitalTheta>201</orbitalTheta>
            <orbitalPhi>-236</orbitalPhi>
            <retrograde>false</retrograde>
            <avgTemperature>29</avgTemperature>
            <rotationalPeriod>10923</rotationalPeriod>
            <atmosphereDensity>162</atmosphereDensity>
            <generateCraters>false</generateCraters>
            <generateCaves>false</generateCaves>
            <generateVolcanos>false</generateVolcanos>
            <generateStructures>false</generateStructures>
            <generateGeodes>true</generateGeodes>
            <biomeIds>byg:bprairie;4,minecraft:stone_beach;30,byg:bchaparrallowlands;4,byg:bsnowyconiferousforest;4,beneath:the_beneath;30</biomeIds>
            <planet DIMID="43" name="Wolf 12 42: 0">
                <isKnown>false</isKnown>
                <fogColor>1.0,1.0,1.0</fogColor>
                <skyColor>0.36245435,0.95257217,1.0</skyColor>
                <gravitationalMultiplier>40</gravitationalMultiplier>
                <orbitalDistance>170</orbitalDistance>
                <orbitalTheta>65</orbitalTheta>
                <orbitalPhi>59</orbitalPhi>
                <retrograde>false</retrograde>
                <avgTemperature>19</avgTemperature>
                <rotationalPeriod>375000</rotationalPeriod>
                <atmosphereDensity>25</atmosphereDensity>
                <generateCraters>true</generateCraters>
                <generateCaves>false</generateCaves>
                <generateVolcanos>false</generateVolcanos>
                <generateStructures>false</generateStructures>
                <generateGeodes>false</generateGeodes>
                <biomeIds>advancedrocketry:moon;30,advancedrocketry:moondark;30</biomeIds>
            </planet>
            <planet DIMID="44" name="Wolf 12 42: 1">
                <isKnown>false</isKnown>
                <fogColor>1.0,1.0,1.0</fogColor>
                <skyColor>0.3327862,0.7253424,1.0</skyColor>
                <gravitationalMultiplier>56</gravitationalMultiplier>
                <orbitalDistance>196</orbitalDistance>
                <orbitalTheta>79</orbitalTheta>
                <orbitalPhi>-64</orbitalPhi>
                <retrograde>false</retrograde>
                <avgTemperature>18</avgTemperature>
                <rotationalPeriod>136661</rotationalPeriod>
                <atmosphereDensity>30</atmosphereDensity>
                <generateCraters>true</generateCraters>
                <generateCaves>false</generateCaves>
                <generateVolcanos>false</generateVolcanos>
                <generateStructures>false</generateStructures>
                <generateGeodes>false</generateGeodes>
                <biomeIds>mahoutsukai:realitymarble;30,midnight:runebush_grove;30,byg:balliumfields;3,minecraft:jungle_hills;30,minecraft:stone_beach;30</biomeIds>
            </planet>
            <planet DIMID="45" name="Wolf 12 42: 2">
                <isKnown>false</isKnown>
                <fogColor>1.0,1.0,1.0</fogColor>
                <skyColor>0.3349566,0.8972641,1.0</skyColor>
                <gravitationalMultiplier>76</gravitationalMultiplier>
                <orbitalDistance>117</orbitalDistance>
                <orbitalTheta>71</orbitalTheta>
                <orbitalPhi>-165</orbitalPhi>
                <retrograde>false</retrograde>
                <avgTemperature>23</avgTemperature>
                <rotationalPeriod>54672</rotationalPeriod>
                <atmosphereDensity>13</atmosphereDensity>
                <generateCraters>true</generateCraters>
                <generateCaves>false</generateCaves>
                <generateVolcanos>false</generateVolcanos>
                <generateStructures>false</generateStructures>
                <generateGeodes>false</generateGeodes>
                <biomeIds>advancedrocketry:moon;30,advancedrocketry:moondark;30</biomeIds>
            </planet>
        </planet>
        <planet DIMID="46" name="Wolf 12 46">
            <isKnown>false</isKnown>
            <fogColor>1.0,1.0,1.0</fogColor>
            <skyColor>0.46795774,0.98738956,1.0</skyColor>
            <gravitationalMultiplier>130</gravitationalMultiplier>
            <orbitalDistance>16</orbitalDistance>
            <orbitalTheta>55</orbitalTheta>
            <orbitalPhi>-16</orbitalPhi>
            <retrograde>false</retrograde>
            <avgTemperature>63</avgTemperature>
            <rotationalPeriod>10923</rotationalPeriod>
            <atmosphereDensity>61</atmosphereDensity>
            <generateCraters>true</generateCraters>
            <generateCaves>false</generateCaves>
            <generateVolcanos>false</generateVolcanos>
            <generateStructures>false</generateStructures>
            <generateGeodes>false</generateGeodes>
            <seaLevel>53</seaLevel>
            <biomeIds>minecraft:forest_hills;30,minecraft:mutated_plains;30,byg:bprairie;4,byg:baspenforest;3,minecraft:mutated_birch_forest;30</biomeIds>
        </planet>
        <planet DIMID="31" name="Wolf 12 31">
            <isKnown>false</isKnown>
            <fogColor>1.0,1.0,1.0</fogColor>
            <skyColor>0.41830862,0.6143303,1.0</skyColor>
            <gravitationalMultiplier>130</gravitationalMultiplier>
            <orbitalDistance>44</orbitalDistance>
            <orbitalTheta>56</orbitalTheta>
            <orbitalPhi>284</orbitalPhi>
            <retrograde>false</retrograde>
            <avgTemperature>48</avgTemperature>
            <rotationalPeriod>10923</rotationalPeriod>
            <atmosphereDensity>160</atmosphereDensity>
            <generateCraters>false</generateCraters>
            <generateCaves>false</generateCaves>
            <generateVolcanos>false</generateVolcanos>
            <generateStructures>false</generateStructures>
            <generateGeodes>true</generateGeodes>
            <biomeIds>midnight:deceitful_bog;30,minecraft:smaller_extreme_hills;30,aroma1997sdimension:miningbiome;30,mahoutsukai:realitymarble;30,byg:bshrublands;3</biomeIds>
            <planet DIMID="32" name="Wolf 12 31: 0">
                <isKnown>false</isKnown>
                <fogColor>1.0,1.0,1.0</fogColor>
                <skyColor>0.29227066,0.8605622,1.0</skyColor>
                <gravitationalMultiplier>78</gravitationalMultiplier>
                <orbitalDistance>174</orbitalDistance>
                <orbitalTheta>127</orbitalTheta>
                <orbitalPhi>-245</orbitalPhi>
                <retrograde>false</retrograde>
                <avgTemperature>19</avgTemperature>
                <rotationalPeriod>50574</rotationalPeriod>
                <atmosphereDensity>37</atmosphereDensity>
                <generateCraters>true</generateCraters>
                <generateCaves>false</generateCaves>
                <generateVolcanos>false</generateVolcanos>
                <generateStructures>false</generateStructures>
                <generateGeodes>false</generateGeodes>
                <biomeIds>minecraft:deep_ocean;30,minecraft:mutated_jungle_edge;30,minecraft:jungle_hills;30,minecraft:savanna_rock;30,byg:bprairie;4</biomeIds>
            </planet>
            <planet DIMID="33" name="Wolf 12 31: 1">
                <isKnown>false</isKnown>
                <fogColor>1.0,1.0,1.0</fogColor>
                <skyColor>0.26623356,0.8945191,1.0</skyColor>
                <gravitationalMultiplier>71</gravitationalMultiplier>
                <orbitalDistance>194</orbitalDistance>
                <orbitalTheta>14</orbitalTheta>
                <orbitalPhi>-76</orbitalPhi>
                <retrograde>false</retrograde>
                <avgTemperature>18</avgTemperature>
                <rotationalPeriod>67055</rotationalPeriod>
                <atmosphereDensity>22</atmosphereDensity>
                <generateCraters>true</generateCraters>
                <generateCaves>false</generateCaves>
                <generateVolcanos>false</generateVolcanos>
                <generateStructures>false</generateStructures>
                <generateGeodes>false</generateGeodes>
                <biomeIds>advancedrocketry:moon;30,advancedrocketry:moondark;30</biomeIds>
            </planet>
            <planet DIMID="34" name="Wolf 12 31: 2">
                <isKnown>false</isKnown>
                <fogColor>1.0,1.0,1.0</fogColor>
                <skyColor>0.2788608,0.7343759,1.0</skyColor>
                <gravitationalMultiplier>81</gravitationalMultiplier>
                <orbitalDistance>177</orbitalDistance>
                <orbitalTheta>105</orbitalTheta>
                <orbitalPhi>-60</orbitalPhi>
                <retrograde>false</retrograde>
                <avgTemperature>19</avgTemperature>
                <rotationalPeriod>45160</rotationalPeriod>
                <atmosphereDensity>27</atmosphereDensity>
                <generateCraters>true</generateCraters>
                <generateCaves>false</generateCaves>
                <generateVolcanos>false</generateVolcanos>
                <generateStructures>false</generateStructures>
                <generateGeodes>false</generateGeodes>
                <seaLevel>43</seaLevel>
                <biomeIds>minecraft:mutated_mesa_rock;30,byg:bshrublands;3,minecraft:mutated_birch_forest_hills;30,minecraft:mesa_clear_rock;30,byg:bmarshlands;4</biomeIds>
            </planet>
        </planet>
    </star>
    <star blackHole="false" name="Epsilon ire" numGasGiants="0" numPlanets="0" size="1.0" temp="170" x="-200" y="80">
        <planet DIMID="51" name="Epsilon ire 51">
            <isKnown>false</isKnown>
            <fogColor>1.0,1.0,1.0</fogColor>
            <skyColor>0.8,0.68428445,0.0</skyColor>
            <gravitationalMultiplier>116</gravitationalMultiplier>
            <orbitalDistance>88</orbitalDistance>
            <orbitalTheta>280</orbitalTheta>
            <orbitalPhi>-143</orbitalPhi>
            <retrograde>false</retrograde>
            <avgTemperature>535</avgTemperature>
            <rotationalPeriod>15178</rotationalPeriod>
            <atmosphereDensity>111</atmosphereDensity>
            <generateCraters>false</generateCraters>
            <generateCaves>false</generateCaves>
            <generateVolcanos>true</generateVolcanos>
            <generateStructures>false</generateStructures>
            <generateGeodes>false</generateGeodes>
            <biomeIds>advancedrocketry:marsh;30,mahoutsukai:realitymarble;30,midnight:phantasmal_valley;30,minecraft:jungle;30,minecraft:savanna_rock;30</biomeIds>
            <planet DIMID="52" name="Epsilon ire 51: 0">
                <isKnown>false</isKnown>
                <fogColor>1.0,1.0,1.0</fogColor>
                <skyColor>0.8,0.9848604,0.4486794</skyColor>
                <gravitationalMultiplier>78</gravitationalMultiplier>
                <orbitalDistance>151</orbitalDistance>
                <orbitalTheta>92</orbitalTheta>
                <orbitalPhi>115</orbitalPhi>
                <retrograde>false</retrograde>
                <avgTemperature>353</avgTemperature>
                <rotationalPeriod>50574</rotationalPeriod>
                <atmosphereDensity>35</atmosphereDensity>
                <generateCraters>true</generateCraters>
                <generateCaves>false</generateCaves>
                <generateVolcanos>false</generateVolcanos>
                <generateStructures>false</generateStructures>
                <generateGeodes>false</generateGeodes>
                <biomeIds>minecraft:desert_hills;30</biomeIds>
            </planet>
            <oceanBlock>minecraft:lava</oceanBlock>
        </planet>
        <planet DIMID="53" name="Epsilon ire 53">
            <isKnown>false</isKnown>
            <fogColor>1.0,1.0,1.0</fogColor>
            <skyColor>0.8,0.81003577,0.5901494</skyColor>
            <gravitationalMultiplier>130</gravitationalMultiplier>
            <orbitalDistance>177</orbitalDistance>
            <orbitalTheta>196</orbitalTheta>
            <orbitalPhi>148</orbitalPhi>
            <retrograde>false</retrograde>
            <avgTemperature>331</avgTemperature>
            <rotationalPeriod>10923</rotationalPeriod>
            <atmosphereDensity>66</atmosphereDensity>
            <generateCraters>true</generateCraters>
            <generateCaves>false</generateCaves>
            <generateVolcanos>false</generateVolcanos>
            <generateStructures>false</generateStructures>
            <generateGeodes>false</generateGeodes>
            <biomeIds>minecraft:mutated_savanna_rock;30,byg:bamaranth_fields;3,midnight:night_plains;30,byg:bshrublands;3,minecraft:savanna;30</biomeIds>
            <planet DIMID="54" name="Epsilon ire 53: 0">
                <isKnown>false</isKnown>
                <fogColor>1.0,1.0,1.0</fogColor>
                <skyColor>0.8,0.5825294,0.6112691</skyColor>
                <gravitationalMultiplier>65</gravitationalMultiplier>
                <orbitalDistance>188</orbitalDistance>
                <orbitalTheta>14</orbitalTheta>
                <orbitalPhi>-193</orbitalPhi>
                <retrograde>false</retrograde>
                <avgTemperature>317</avgTemperature>
                <rotationalPeriod>87391</rotationalPeriod>
                <atmosphereDensity>34</atmosphereDensity>
                <generateCraters>true</generateCraters>
                <generateCaves>false</generateCaves>
                <generateVolcanos>false</generateVolcanos>
                <generateStructures>false</generateStructures>
                <generateGeodes>false</generateGeodes>
                <biomeIds>byg:bseasonaltaiga;4,minecraft:mutated_extreme_hills;30,byg:bjacarandaforest;4,byg:bfrostyforest;3,minecraft:mutated_redwood_taiga;30</biomeIds>
            </planet>
            <planet DIMID="55" name="Epsilon ire 53: 1">
                <isKnown>false</isKnown>
                <fogColor>1.0,1.0,1.0</fogColor>
                <skyColor>0.8,0.68675745,0.282696</skyColor>
                <gravitationalMultiplier>56</gravitationalMultiplier>
                <orbitalDistance>113</orbitalDistance>
                <orbitalTheta>80</orbitalTheta>
                <orbitalPhi>-220</orbitalPhi>
                <retrograde>false</retrograde>
                <avgTemperature>409</avgTemperature>
                <rotationalPeriod>136661</rotationalPeriod>
                <atmosphereDensity>15</atmosphereDensity>
                <generateCraters>true</generateCraters>
                <generateCaves>false</generateCaves>
                <generateVolcanos>false</generateVolcanos>
                <generateStructures>false</generateStructures>
                <generateGeodes>false</generateGeodes>
                <seaLevel>77</seaLevel>
                <biomeIds>advancedrocketry:moon;30,advancedrocketry:moondark;30</biomeIds>
            </planet>
        </planet>
        <planet DIMID="56" name="Epsilon ire 56">
            <isKnown>false</isKnown>
            <hasRings>true</hasRings>
            <ringColor>0.8,0.7952436,0.2963556</ringColor>
            <fogColor>1.0,1.0,1.0</fogColor>
            <skyColor>0.8,0.7952436,0.2963556</skyColor>
            <gravitationalMultiplier>112</gravitationalMultiplier>
            <orbitalDistance>172</orbitalDistance>
            <orbitalTheta>47</orbitalTheta>
            <orbitalPhi>61</orbitalPhi>
            <retrograde>false</retrograde>
            <avgTemperature>398</avgTemperature>
            <rotationalPeriod>16855</rotationalPeriod>
            <atmosphereDensity>130</atmosphereDensity>
            <generateCraters>false</generateCraters>
            <generateCaves>false</generateCaves>
            <generateVolcanos>false</generateVolcanos>
            <generateStructures>true</generateStructures>
            <generateGeodes>true</generateGeodes>
            <biomeIds>byg:bfrostyforest;3,byg:bred_outlands;4,byg:btropicalmountains;3,thaumcraft:eldritch;30,midnight:hilly_fungi_forest;30</biomeIds>
        </planet>
        <planet DIMID="57" name="Epsilon ire 57">
            <isKnown>false</isKnown>
            <fogColor>1.0,1.0,1.0</fogColor>
            <skyColor>0.8,0.6439512,0.0</skyColor>
            <gravitationalMultiplier>130</gravitationalMultiplier>
            <orbitalDistance>50</orbitalDistance>
            <orbitalTheta>348</orbitalTheta>
            <orbitalPhi>-187</orbitalPhi>
            <retrograde>false</retrograde>
            <avgTemperature>643</avgTemperature>
            <rotationalPeriod>10923</rotationalPeriod>
            <atmosphereDensity>75</atmosphereDensity>
            <generateCraters>true</generateCraters>
            <generateCaves>false</generateCaves>
            <generateVolcanos>true</generateVolcanos>
            <generateStructures>false</generateStructures>
            <generateGeodes>false</generateGeodes>
            <seaLevel>50</seaLevel>
            <biomeIds>advancedrocketry:marsh;30,byg:bshrublands;3,byg:blushdesert;4,byg:bred_outlands;4,minecraft:mutated_mesa_rock;30</biomeIds>
            <planet DIMID="58" name="Epsilon ire 57: 0">
                <isKnown>false</isKnown>
                <fogColor>1.0,1.0,1.0</fogColor>
                <skyColor>0.8,0.679565,0.33328116</skyColor>
                <gravitationalMultiplier>89</gravitationalMultiplier>
                <orbitalDistance>125</orbitalDistance>
                <orbitalTheta>169</orbitalTheta>
                <orbitalPhi>-110</orbitalPhi>
                <retrograde>false</retrograde>
                <avgTemperature>389</avgTemperature>
                <rotationalPeriod>34044</rotationalPeriod>
                <atmosphereDensity>22</atmosphereDensity>
                <generateCraters>true</generateCraters>
                <generateCaves>false</generateCaves>
                <generateVolcanos>false</generateVolcanos>
                <generateStructures>false</generateStructures>
                <generateGeodes>false</generateGeodes>
                <biomeIds>advancedrocketry:moon;30,advancedrocketry:moondark;30</biomeIds>
            </planet>
            <oceanBlock>minecraft:lava</oceanBlock>
        </planet>
        <planet DIMID="59" name="Epsilon ire 59">
            <isKnown>false</isKnown>
            <fogColor>1.0,1.0,1.0</fogColor>
            <skyColor>0.8,0.65615726,0.25306547</skyColor>
            <gravitationalMultiplier>130</gravitationalMultiplier>
            <orbitalDistance>111</orbitalDistance>
            <orbitalTheta>100</orbitalTheta>
            <orbitalPhi>163</orbitalPhi>
            <retrograde>false</retrograde>
            <avgTemperature>427</avgTemperature>
            <rotationalPeriod>10923</rotationalPeriod>
            <atmosphereDensity>72</atmosphereDensity>
            <generateCraters>true</generateCraters>
            <generateCaves>false</generateCaves>
            <generateVolcanos>false</generateVolcanos>
            <generateStructures>false</generateStructures>
            <generateGeodes>false</generateGeodes>
            <biomeIds>minecraft:mesa;30,minecraft:extreme_hills_with_trees;30,beneath:the_beneath;30,minecraft:birch_forest;10,minecraft:mutated_redwood_taiga_hills;30</biomeIds>
        </planet>
        <planet DIMID="60" name="Epsilon ire 60">
            <isKnown>false</isKnown>
            <fogColor>1.0,1.0,1.0</fogColor>
            <skyColor>0.8,0.81246233,0.0</skyColor>
            <gravitationalMultiplier>107</gravitationalMultiplier>
            <orbitalDistance>99</orbitalDistance>
            <orbitalTheta>56</orbitalTheta>
            <orbitalPhi>-141</orbitalPhi>
            <retrograde>false</retrograde>
            <avgTemperature>522</avgTemperature>
            <rotationalPeriod>19319</rotationalPeriod>
            <atmosphereDensity>127</atmosphereDensity>
            <generateCraters>false</generateCraters>
            <generateCaves>false</generateCaves>
            <generateVolcanos>true</generateVolcanos>
            <generateStructures>false</generateStructures>
            <generateGeodes>true</generateGeodes>
            <biomeIds>tardis:farmlands;30,minecraft:savanna_rock;30,byg:boutlands;4,minecraft:deep_ocean;30,byg:bshrublands;3</biomeIds>
            <planet DIMID="61" name="Epsilon ire 60: 0">
                <isKnown>false</isKnown>
                <fogColor>1.0,1.0,1.0</fogColor>
                <skyColor>0.8,0.8547901,0.2102046</skyColor>
                <gravitationalMultiplier>43</gravitationalMultiplier>
                <orbitalDistance>105</orbitalDistance>
                <orbitalTheta>212</orbitalTheta>
                <orbitalPhi>-174</orbitalPhi>
                <retrograde>false</retrograde>
                <avgTemperature>424</avgTemperature>
                <rotationalPeriod>301860</rotationalPeriod>
                <atmosphereDensity>30</atmosphereDensity>
                <generateCraters>true</generateCraters>
                <generateCaves>false</generateCaves>
                <generateVolcanos>false</generateVolcanos>
                <generateStructures>false</generateStructures>
                <generateGeodes>false</generateGeodes>
                <biomeIds>midnight:vigilant_forest;30,byg:bcypress_swamplands;3,byg:btropicalrainforest;4,minecraft:smaller_extreme_hills;30,byg:bebonywoods;4</biomeIds>
            </planet>
            <planet DIMID="62" name="Epsilon ire 60: 1">
                <isKnown>false</isKnown>
                <fogColor>1.0,1.0,1.0</fogColor>
                <skyColor>0.8,0.80602765,0.6086723</skyColor>
                <gravitationalMultiplier>30</gravitationalMultiplier>
                <orbitalDistance>192</orbitalDistance>
                <orbitalTheta>191</orbitalTheta>
                <orbitalPhi>-177</orbitalPhi>
                <retrograde>false</retrograde>
                <avgTemperature>313</avgTemperature>
                <rotationalPeriod>888888</rotationalPeriod>
                <atmosphereDensity>24</atmosphereDensity>
                <generateCraters>true</generateCraters>
                <generateCaves>false</generateCaves>
                <generateVolcanos>false</generateVolcanos>
                <generateStructures>false</generateStructures>
                <generateGeodes>false</generateGeodes>
                <biomeIds>advancedrocketry:moon;30,advancedrocketry:moondark;30</biomeIds>
            </planet>
            <oceanBlock>minecraft:lava</oceanBlock>
        </planet>
        <planet DIMID="47" name="Epsilon ire 47">
            <isKnown>false</isKnown>
            <fogColor>1.0,1.0,1.0</fogColor>
            <skyColor>0.8,0.5175391,0.0</skyColor>
            <gravitationalMultiplier>100</gravitationalMultiplier>
            <orbitalDistance>39</orbitalDistance>
            <orbitalTheta>180</orbitalTheta>
            <orbitalPhi>-15</orbitalPhi>
            <retrograde>false</retrograde>
            <avgTemperature>938</avgTemperature>
            <rotationalPeriod>23643</rotationalPeriod>
            <atmosphereDensity>206</atmosphereDensity>
            <generateCraters>false</generateCraters>
            <generateCaves>false</generateCaves>
            <generateVolcanos>true</generateVolcanos>
            <generateStructures>false</generateStructures>
            <generateGeodes>true</generateGeodes>
            <biomeIds>byg:breddesert;4,minecraft:savanna_rock;30,minecraft:savanna;30,byg:bsavannacanopy;3,advancedrocketry:volcanicbarren;30</biomeIds>
            <planet DIMID="48" name="Epsilon ire 47: 0">
                <isKnown>false</isKnown>
                <fogColor>1.0,1.0,1.0</fogColor>
                <skyColor>0.8,0.8927742,0.2770623</skyColor>
                <gravitationalMultiplier>55</gravitationalMultiplier>
                <orbitalDistance>104</orbitalDistance>
                <orbitalTheta>90</orbitalTheta>
                <orbitalPhi>152</orbitalPhi>
                <retrograde>false</retrograde>
                <avgTemperature>426</avgTemperature>
                <rotationalPeriod>144252</rotationalPeriod>
                <atmosphereDensity>22</atmosphereDensity>
                <generateCraters>true</generateCraters>
                <generateCaves>false</generateCaves>
                <generateVolcanos>false</generateVolcanos>
                <generateStructures>false</generateStructures>
                <generateGeodes>false</generateGeodes>
                <biomeIds>advancedrocketry:moon;30,advancedrocketry:moondark;30</biomeIds>
            </planet>
            <planet DIMID="49" name="Epsilon ire 47: 1">
                <isKnown>false</isKnown>
                <fogColor>1.0,1.0,1.0</fogColor>
                <skyColor>0.8,0.74961436,0.5924506</skyColor>
                <gravitationalMultiplier>49</gravitationalMultiplier>
                <orbitalDistance>177</orbitalDistance>
                <orbitalTheta>160</orbitalTheta>
                <orbitalPhi>9</orbitalPhi>
                <retrograde>false</retrograde>
                <avgTemperature>326</avgTemperature>
                <rotationalPeriod>203996</rotationalPeriod>
                <atmosphereDensity>26</atmosphereDensity>
                <generateCraters>true</generateCraters>
                <generateCaves>false</generateCaves>
                <generateVolcanos>false</generateVolcanos>
                <generateStructures>false</generateStructures>
                <generateGeodes>false</generateGeodes>
                <biomeIds>minecraft:mushroom_island;30</biomeIds>
            </planet>
            <planet DIMID="50" name="Epsilon ire 47: 2">
                <isKnown>false</isKnown>
                <fogColor>1.0,1.0,1.0</fogColor>
                <skyColor>0.8,0.74552757,0.6007685</skyColor>
                <gravitationalMultiplier>46</gravitationalMultiplier>
                <orbitalDistance>198</orbitalDistance>
                <orbitalTheta>142</orbitalTheta>
                <orbitalPhi>178</orbitalPhi>
                <retrograde>false</retrograde>
                <avgTemperature>309</avgTemperature>
                <rotationalPeriod>246568</rotationalPeriod>
                <atmosphereDensity>13</atmosphereDensity>
                <generateCraters>true</generateCraters>
                <generateCaves>false</generateCaves>
                <generateVolcanos>false</generateVolcanos>
                <generateStructures>false</generateStructures>
                <generateGeodes>false</generateGeodes>
                <biomeIds>advancedrocketry:moon;30,advancedrocketry:moondark;30</biomeIds>
            </planet>
            <oceanBlock>minecraft:lava</oceanBlock>
        </planet>
    </star>
    <star blackHole="false" name="Proxima Centaurs" numGasGiants="0" numPlanets="0" size="1.0" temp="200" x="-150" y="250">
        <planet DIMID="67" name="Proxima Centaurs 67">
            <isKnown>false</isKnown>
            <fogColor>1.0,1.0,1.0</fogColor>
            <skyColor>0.8,0.9031138,0.0</skyColor>
            <gravitationalMultiplier>130</gravitationalMultiplier>
            <orbitalDistance>115</orbitalDistance>
            <orbitalTheta>33</orbitalTheta>
            <orbitalPhi>-184</orbitalPhi>
            <retrograde>false</retrograde>
            <avgTemperature>574</avgTemperature>
            <rotationalPeriod>10923</rotationalPeriod>
            <atmosphereDensity>131</atmosphereDensity>
            <generateCraters>false</generateCraters>
            <generateCaves>false</generateCaves>
            <generateVolcanos>true</generateVolcanos>
            <generateStructures>false</generateStructures>
            <generateGeodes>true</generateGeodes>
            <biomeIds>minecraft:mutated_mesa_clear_rock;30,minecraft:mutated_savanna_rock;30,byg:bredwoodtropics;4,minecraft:mutated_mesa;30,advancedrocketry:marsh;30</biomeIds>
            <oceanBlock>minecraft:lava</oceanBlock>
        </planet>
        <planet DIMID="68" name="Proxima Centaurs 68">
            <isKnown>false</isKnown>
            <fogColor>1.0,1.0,1.0</fogColor>
            <skyColor>0.8,0.8171096,0.24656647</skyColor>
            <gravitationalMultiplier>130</gravitationalMultiplier>
            <orbitalDistance>140</orbitalDistance>
            <orbitalTheta>122</orbitalTheta>
            <orbitalPhi>-150</orbitalPhi>
            <retrograde>false</retrograde>
            <avgTemperature>432</avgTemperature>
            <rotationalPeriod>10923</rotationalPeriod>
            <atmosphereDensity>19</atmosphereDensity>
            <generateCraters>true</generateCraters>
            <generateCaves>false</generateCaves>
            <generateVolcanos>false</generateVolcanos>
            <generateStructures>false</generateStructures>
            <generateGeodes>false</generateGeodes>
            <biomeIds>advancedrocketry:moon;30,advancedrocketry:moondark;30</biomeIds>
        </planet>
        <planet DIMID="63" name="Proxima Centaurs 63">
            <isKnown>false</isKnown>
            <fogColor>1.0,1.0,1.0</fogColor>
            <skyColor>0.8,0.74079895,0.0</skyColor>
            <gravitationalMultiplier>109</gravitationalMultiplier>
            <orbitalDistance>85</orbitalDistance>
            <orbitalTheta>260</orbitalTheta>
            <orbitalPhi>53</orbitalPhi>
            <retrograde>false</retrograde>
            <avgTemperature>734</avgTemperature>
            <rotationalPeriod>18279</rotationalPeriod>
            <atmosphereDensity>192</atmosphereDensity>
            <generateCraters>false</generateCraters>
            <generateCaves>false</generateCaves>
            <generateVolcanos>true</generateVolcanos>
            <generateStructures>false</generateStructures>
            <generateGeodes>true</generateGeodes>
            <seaLevel>46</seaLevel>
            <biomeIds>minecraft:deep_ocean;30,byg:bshrublands;3,tardis:redlands;30,minecraft:jungle_edge;30,byg:bred_outlands;4</biomeIds>
            <planet DIMID="64" name="Proxima Centaurs 63: 0">
                <isKnown>false</isKnown>
                <fogColor>1.0,1.0,1.0</fogColor>
                <skyColor>0.8,0.64732397,0.2266171</skyColor>
                <gravitationalMultiplier>69</gravitationalMultiplier>
                <orbitalDistance>140</orbitalDistance>
                <orbitalTheta>27</orbitalTheta>
                <orbitalPhi>-350</orbitalPhi>
                <retrograde>false</retrograde>
                <avgTemperature>432</avgTemperature>
                <rotationalPeriod>73057</rotationalPeriod>
                <atmosphereDensity>22</atmosphereDensity>
                <generateCraters>true</generateCraters>
                <generateCaves>false</generateCaves>
                <generateVolcanos>false</generateVolcanos>
                <generateStructures>false</generateStructures>
                <generateGeodes>false</generateGeodes>
                <biomeIds>advancedrocketry:moon;30,advancedrocketry:moondark;30</biomeIds>
            </planet>
            <planet DIMID="65" name="Proxima Centaurs 63: 1">
                <isKnown>false</isKnown>
                <fogColor>1.0,1.0,1.0</fogColor>
                <skyColor>0.8,0.5560056,0.29609036</skyColor>
                <gravitationalMultiplier>29</gravitationalMultiplier>
                <orbitalDistance>148</orbitalDistance>
                <orbitalTheta>68</orbitalTheta>
                <orbitalPhi>-45</orbitalPhi>
                <retrograde>false</retrograde>
                <avgTemperature>420</avgTemperature>
                <rotationalPeriod>984050</rotationalPeriod>
                <atmosphereDensity>15</atmosphereDensity>
                <generateCraters>true</generateCraters>
                <generateCaves>false</generateCaves>
                <generateVolcanos>false</generateVolcanos>
                <generateStructures>false</generateStructures>
                <generateGeodes>false</generateGeodes>
                <biomeIds>advancedrocketry:moon;30,advancedrocketry:moondark;30</biomeIds>
            </planet>
            <planet DIMID="66" name="Proxima Centaurs 63: 2">
                <isKnown>false</isKnown>
                <fogColor>1.0,1.0,1.0</fogColor>
                <skyColor>0.8,0.6410461,0.036533654</skyColor>
                <gravitationalMultiplier>33</gravitationalMultiplier>
                <orbitalDistance>106</orbitalDistance>
                <orbitalTheta>263</orbitalTheta>
                <orbitalPhi>-3</orbitalPhi>
                <retrograde>false</retrograde>
                <avgTemperature>496</avgTemperature>
                <rotationalPeriod>667835</rotationalPeriod>
                <atmosphereDensity>20</atmosphereDensity>
                <generateCraters>true</generateCraters>
                <generateCaves>false</generateCaves>
                <generateVolcanos>true</generateVolcanos>
                <generateStructures>false</generateStructures>
                <generateGeodes>false</generateGeodes>
                <seaLevel>77</seaLevel>
                <biomeIds>advancedrocketry:moon;30,advancedrocketry:moondark;30</biomeIds>
                <oceanBlock>minecraft:lava</oceanBlock>
            </planet>
            <oceanBlock>minecraft:lava</oceanBlock>
        </planet>
    </star>
    <star blackHole="false" name="Magnis Vulpes" numGasGiants="0" numPlanets="0" size="1.0" temp="70" x="-150" y="-250">
        <planet DIMID="69" name="Magnis Vulpes 69">
            <isKnown>false</isKnown>
            <fogColor>1.0,1.0,1.0</fogColor>
            <skyColor>0.8,0.8344306,0.29372776</skyColor>
            <gravitationalMultiplier>99</gravitationalMultiplier>
            <orbitalDistance>28</orbitalDistance>
            <orbitalTheta>32</orbitalTheta>
            <orbitalPhi>107</orbitalPhi>
            <retrograde>false</retrograde>
            <avgTemperature>411</avgTemperature>
            <rotationalPeriod>24363</rotationalPeriod>
            <atmosphereDensity>136</atmosphereDensity>
            <generateCraters>false</generateCraters>
            <generateCaves>false</generateCaves>
            <generateVolcanos>false</generateVolcanos>
            <generateStructures>true</generateStructures>
            <generateGeodes>true</generateGeodes>
            <biomeIds>byg:bsnowydeciduousforest;4,byg:bnorthernforest;2,midnight:phantasmal_valley;30,minecraft:mutated_plains;30,byg:blushdesert;4</biomeIds>
        </planet>
        <planet DIMID="70" name="Magnis Vulpes 70">
            <isKnown>false</isKnown>
            <fogColor>1.0,1.0,1.0</fogColor>
            <skyColor>0.7856432,0.8297138,1.0</skyColor>
            <gravitationalMultiplier>104</gravitationalMultiplier>
            <orbitalDistance>155</orbitalDistance>
            <orbitalTheta>28</orbitalTheta>
            <orbitalPhi>-213</orbitalPhi>
            <retrograde>false</retrograde>
            <avgTemperature>154</avgTemperature>
            <rotationalPeriod>20438</rotationalPeriod>
            <atmosphereDensity>83</atmosphereDensity>
            <generateCraters>false</generateCraters>
            <generateCaves>false</generateCaves>
            <generateVolcanos>false</generateVolcanos>
            <generateStructures>false</generateStructures>
            <generateGeodes>false</generateGeodes>
            <biomeIds>byg:bebonywoods;4,byg:bsnowyevergeentaiga;3,byg:bchaparrallowlands;4,tardis:farmlands;30,thaumcraft:eerie;30</biomeIds>
            <planet DIMID="71" name="Magnis Vulpes 70: 0">
                <isKnown>false</isKnown>
                <fogColor>1.0,1.0,1.0</fogColor>
                <skyColor>0.70644784,0.65676904,1.0</skyColor>
                <gravitationalMultiplier>70</gravitationalMultiplier>
                <orbitalDistance>141</orbitalDistance>
                <orbitalTheta>283</orbitalTheta>
                <orbitalPhi>88</orbitalPhi>
                <retrograde>false</retrograde>
                <avgTemperature>150</avgTemperature>
                <rotationalPeriod>69970</rotationalPeriod>
                <atmosphereDensity>19</atmosphereDensity>
                <generateCraters>true</generateCraters>
                <generateCaves>false</generateCaves>
                <generateVolcanos>false</generateVolcanos>
                <generateStructures>false</generateStructures>
                <generateGeodes>false</generateGeodes>
                <biomeIds>advancedrocketry:moon;30,advancedrocketry:moondark;30</biomeIds>
            </planet>
            <planet DIMID="72" name="Magnis Vulpes 70: 1">
                <isKnown>false</isKnown>
                <fogColor>1.0,1.0,1.0</fogColor>
                <skyColor>0.8,0.5443574,1.0</skyColor>
                <gravitationalMultiplier>56</gravitationalMultiplier>
                <orbitalDistance>115</orbitalDistance>
                <orbitalTheta>143</orbitalTheta>
                <orbitalPhi>259</orbitalPhi>
                <retrograde>false</retrograde>
                <avgTemperature>167</avgTemperature>
                <rotationalPeriod>136661</rotationalPeriod>
                <atmosphereDensity>24</atmosphereDensity>
                <generateCraters>true</generateCraters>
                <generateCaves>false</generateCaves>
                <generateVolcanos>false</generateVolcanos>
                <generateStructures>false</generateStructures>
                <generateGeodes>false</generateGeodes>
                <biomeIds>advancedrocketry:moon;30,advancedrocketry:moondark;30</biomeIds>
            </planet>
            <planet DIMID="73" name="Magnis Vulpes 70: 2">
                <isKnown>false</isKnown>
                <fogColor>1.0,1.0,1.0</fogColor>
                <skyColor>0.7583909,0.84845996,1.0</skyColor>
                <gravitationalMultiplier>52</gravitationalMultiplier>
                <orbitalDistance>161</orbitalDistance>
                <orbitalTheta>212</orbitalTheta>
                <orbitalPhi>-68</orbitalPhi>
                <retrograde>false</retrograde>
                <avgTemperature>141</avgTemperature>
                <rotationalPeriod>161206</rotationalPeriod>
                <atmosphereDensity>23</atmosphereDensity>
                <generateCraters>true</generateCraters>
                <generateCaves>false</generateCaves>
                <generateVolcanos>false</generateVolcanos>
                <generateStructures>false</generateStructures>
                <generateGeodes>false</generateGeodes>
                <seaLevel>79</seaLevel>
                <biomeIds>advancedrocketry:moon;30,advancedrocketry:moondark;30</biomeIds>
            </planet>
        </planet>
    </star>
    <star blackHole="false" name="Ma-Roo" numGasGiants="0" numPlanets="0" size="1.0" temp="200" x="50" y="-250">
        <planet DIMID="80" name="Ma-Roo 80">
            <isKnown>false</isKnown>
            <fogColor>1.0,1.0,1.0</fogColor>
            <skyColor>0.8,0.74768627,0.4833485</skyColor>
            <gravitationalMultiplier>130</gravitationalMultiplier>
            <orbitalDistance>216</orbitalDistance>
            <orbitalTheta>26</orbitalTheta>
            <orbitalPhi>13</orbitalPhi>
            <retrograde>false</retrograde>
            <avgTemperature>348</avgTemperature>
            <rotationalPeriod>10923</rotationalPeriod>
            <atmosphereDensity>43</atmosphereDensity>
            <generateCraters>true</generateCraters>
            <generateCaves>false</generateCaves>
            <generateVolcanos>false</generateVolcanos>
            <generateStructures>false</generateStructures>
            <generateGeodes>false</generateGeodes>
            <biomeIds>minecraft:extreme_hills;10</biomeIds>
            <planet DIMID="81" name="Ma-Roo 80: 0">
                <isKnown>false</isKnown>
                <fogColor>1.0,1.0,1.0</fogColor>
                <skyColor>0.8,0.50452554,0.06264275</skyColor>
                <gravitationalMultiplier>58</gravitationalMultiplier>
                <orbitalDistance>115</orbitalDistance>
                <orbitalTheta>320</orbitalTheta>
                <orbitalPhi>-36</orbitalPhi>
                <retrograde>false</retrograde>
                <avgTemperature>477</avgTemperature>
                <rotationalPeriod>116857</rotationalPeriod>
                <atmosphereDensity>21</atmosphereDensity>
                <generateCraters>true</generateCraters>
                <generateCaves>false</generateCaves>
                <generateVolcanos>true</generateVolcanos>
                <generateStructures>false</generateStructures>
                <generateGeodes>false</generateGeodes>
                <biomeIds>advancedrocketry:moon;30,advancedrocketry:moondark;30</biomeIds>
                <oceanBlock>minecraft:lava</oceanBlock>
            </planet>
        </planet>
        <planet DIMID="82" name="Ma-Roo 82">
            <isKnown>false</isKnown>
            <fogColor>1.0,1.0,1.0</fogColor>
            <skyColor>0.8,0.70657563,0.0</skyColor>
            <gravitationalMultiplier>130</gravitationalMultiplier>
            <orbitalDistance>170</orbitalDistance>
            <orbitalTheta>68</orbitalTheta>
            <orbitalPhi>-137</orbitalPhi>
            <retrograde>false</retrograde>
            <avgTemperature>492</avgTemperature>
            <rotationalPeriod>10923</rotationalPeriod>
            <atmosphereDensity>155</atmosphereDensity>
            <generateCraters>false</generateCraters>
            <generateCaves>false</generateCaves>
            <generateVolcanos>true</generateVolcanos>
            <generateStructures>false</generateStructures>
            <generateGeodes>true</generateGeodes>
            <biomeIds>minecraft:mutated_desert;30,byg:bsonorandesert;3,tardis:farmlands;30,minecraft:jungle_edge;30,byg:blushdesert;4</biomeIds>
            <planet DIMID="83" name="Ma-Roo 82: 0">
                <isKnown>false</isKnown>
                <fogColor>1.0,1.0,1.0</fogColor>
                <skyColor>0.8,0.6869434,0.45467466</skyColor>
                <gravitationalMultiplier>47</gravitationalMultiplier>
                <orbitalDistance>193</orbitalDistance>
                <orbitalTheta>82</orbitalTheta>
                <orbitalPhi>-130</orbitalPhi>
                <retrograde>false</retrograde>
                <avgTemperature>368</avgTemperature>
                <rotationalPeriod>231162</rotationalPeriod>
                <atmosphereDensity>20</atmosphereDensity>
                <generateCraters>true</generateCraters>
                <generateCaves>false</generateCaves>
                <generateVolcanos>false</generateVolcanos>
                <generateStructures>false</generateStructures>
                <generateGeodes>false</generateGeodes>
                <biomeIds>advancedrocketry:moon;30,advancedrocketry:moondark;30</biomeIds>
            </planet>
            <oceanBlock>minecraft:lava</oceanBlock>
        </planet>
        <planet DIMID="84" name="Ma-Roo 84">
            <isKnown>false</isKnown>
            <fogColor>1.0,1.0,1.0</fogColor>
            <skyColor>0.8,0.65386915,0.0</skyColor>
            <gravitationalMultiplier>88</gravitationalMultiplier>
            <orbitalDistance>19</orbitalDistance>
            <orbitalTheta>183</orbitalTheta>
            <orbitalPhi>25</orbitalPhi>
            <retrograde>false</retrograde>
            <avgTemperature>1367</avgTemperature>
            <rotationalPeriod>34624</rotationalPeriod>
            <atmosphereDensity>115</atmosphereDensity>
            <generateCraters>false</generateCraters>
            <generateCaves>false</generateCaves>
            <generateVolcanos>true</generateVolcanos>
            <generateStructures>false</generateStructures>
            <generateGeodes>false</generateGeodes>
            <biomeIds>byg:btropicalrainforest;4,byg:bcolored_canyons;3,byg:bshrublands;3,minecraft:jungle_hills;30,byg:bdunes;4</biomeIds>
            <oceanBlock>minecraft:lava</oceanBlock>
        </planet>
        <planet DIMID="85" name="Ma-Roo 85">
            <isKnown>false</isKnown>
            <fogColor>1.0,1.0,1.0</fogColor>
            <skyColor>0.8,0.5747912,0.16456693</skyColor>
            <gravitationalMultiplier>91</gravitationalMultiplier>
            <orbitalDistance>146</orbitalDistance>
            <orbitalTheta>216</orbitalTheta>
            <orbitalPhi>-301</orbitalPhi>
            <retrograde>false</retrograde>
            <avgTemperature>438</avgTemperature>
            <rotationalPeriod>31329</rotationalPeriod>
            <atmosphereDensity>72</atmosphereDensity>
            <generateCraters>true</generateCraters>
            <generateCaves>false</generateCaves>
            <generateVolcanos>false</generateVolcanos>
            <generateStructures>false</generateStructures>
            <generateGeodes>false</generateGeodes>
            <biomeIds>minecraft:extreme_hills;10,midnight:night_plains;30,byg:borchard;4,minecraft:ocean;30,byg:bmeadow;3</biomeIds>
        </planet>
        <planet DIMID="74" name="Ma-Roo 74">
            <isKnown>false</isKnown>
            <fogColor>1.0,1.0,1.0</fogColor>
            <skyColor>0.8,0.7422296,0.0</skyColor>
            <gravitationalMultiplier>130</gravitationalMultiplier>
            <orbitalDistance>98</orbitalDistance>
            <orbitalTheta>35</orbitalTheta>
            <orbitalPhi>75</orbitalPhi>
            <retrograde>false</retrograde>
            <avgTemperature>640</avgTemperature>
            <rotationalPeriod>10923</rotationalPeriod>
            <atmosphereDensity>147</atmosphereDensity>
            <generateCraters>false</generateCraters>
            <generateCaves>false</generateCaves>
            <generateVolcanos>true</generateVolcanos>
            <generateStructures>false</generateStructures>
            <generateGeodes>true</generateGeodes>
            <biomeIds>byg:bredwoodtropics;4,minecraft:mutated_jungle;30,minecraft:mutated_mesa_clear_rock;30,tardis:redlands;30,byg:btropicalmountains;3</biomeIds>
            <planet DIMID="75" name="Ma-Roo 74: 0">
                <isKnown>false</isKnown>
                <fogColor>1.0,1.0,1.0</fogColor>
                <skyColor>0.8,0.9067458,0.109659255</skyColor>
                <gravitationalMultiplier>52</gravitationalMultiplier>
                <orbitalDistance>118</orbitalDistance>
                <orbitalTheta>326</orbitalTheta>
                <orbitalPhi>-220</orbitalPhi>
                <retrograde>false</retrograde>
                <avgTemperature>471</avgTemperature>
                <rotationalPeriod>170687</rotationalPeriod>
                <atmosphereDensity>24</atmosphereDensity>
                <generateCraters>true</generateCraters>
                <generateCaves>false</generateCaves>
                <generateVolcanos>true</generateVolcanos>
                <generateStructures>false</generateStructures>
                <generateGeodes>false</generateGeodes>
                <biomeIds>advancedrocketry:moon;30,advancedrocketry:moondark;30</biomeIds>
                <oceanBlock>minecraft:lava</oceanBlock>
            </planet>
            <planet DIMID="76" name="Ma-Roo 74: 1">
                <isKnown>false</isKnown>
                <fogColor>1.0,1.0,1.0</fogColor>
                <skyColor>0.8,0.8820058,0.2522232</skyColor>
                <gravitationalMultiplier>80</gravitationalMultiplier>
                <orbitalDistance>139</orbitalDistance>
                <orbitalTheta>7</orbitalTheta>
                <orbitalPhi>-61</orbitalPhi>
                <retrograde>false</retrograde>
                <avgTemperature>434</avgTemperature>
                <rotationalPeriod>46875</rotationalPeriod>
                <atmosphereDensity>31</atmosphereDensity>
                <generateCraters>true</generateCraters>
                <generateCaves>false</generateCaves>
                <generateVolcanos>false</generateVolcanos>
                <generateStructures>false</generateStructures>
                <generateGeodes>false</generateGeodes>
                <biomeIds>midnight:fungi_forest;30,tardis:redlands;30,byg:bsavannacanopy;3,tardis:moon;30,byg:bquagmire;3</biomeIds>
            </planet>
            <planet DIMID="77" name="Ma-Roo 74: 2">
                <isKnown>false</isKnown>
                <fogColor>1.0,1.0,1.0</fogColor>
                <skyColor>0.8,0.9159342,0.1707685</skyColor>
                <gravitationalMultiplier>47</gravitationalMultiplier>
                <orbitalDistance>128</orbitalDistance>
                <orbitalTheta>315</orbitalTheta>
                <orbitalPhi>-232</orbitalPhi>
                <retrograde>false</retrograde>
                <avgTemperature>452</avgTemperature>
                <rotationalPeriod>231162</rotationalPeriod>
                <atmosphereDensity>15</atmosphereDensity>
                <generateCraters>true</generateCraters>
                <generateCaves>false</generateCaves>
                <generateVolcanos>true</generateVolcanos>
                <generateStructures>false</generateStructures>
                <generateGeodes>false</generateGeodes>
                <biomeIds>advancedrocketry:moon;30,advancedrocketry:moondark;30</biomeIds>
                <oceanBlock>minecraft:lava</oceanBlock>
            </planet>
            <oceanBlock>minecraft:lava</oceanBlock>
        </planet>
        <planet DIMID="78" name="Ma-Roo 78">
            <isKnown>false</isKnown>
            <fogColor>1.0,1.0,1.0</fogColor>
            <skyColor>0.8,0.5961587,0.0</skyColor>
            <gravitationalMultiplier>115</gravitationalMultiplier>
            <orbitalDistance>114</orbitalDistance>
            <orbitalTheta>159</orbitalTheta>
            <orbitalPhi>-119</orbitalPhi>
            <retrograde>false</retrograde>
            <avgTemperature>501</avgTemperature>
            <rotationalPeriod>15576</rotationalPeriod>
            <atmosphereDensity>75</atmosphereDensity>
            <generateCraters>true</generateCraters>
            <generateCaves>false</generateCaves>
            <generateVolcanos>true</generateVolcanos>
            <generateStructures>false</generateStructures>
            <generateGeodes>false</generateGeodes>
            <biomeIds>byg:btropicalmountains;3,byg:bred_outlands;4,minecraft:ocean;30,byg:bdunes;4,byg:btropicalrainforest;4</biomeIds>
            <planet DIMID="79" name="Ma-Roo 78: 0">
                <isKnown>false</isKnown>
                <fogColor>1.0,1.0,1.0</fogColor>
                <skyColor>0.8,0.56477904,0.39853656</skyColor>
                <gravitationalMultiplier>45</gravitationalMultiplier>
                <orbitalDistance>181</orbitalDistance>
                <orbitalTheta>345</orbitalTheta>
                <orbitalPhi>-288</orbitalPhi>
                <retrograde>false</retrograde>
                <avgTemperature>380</avgTemperature>
                <rotationalPeriod>263374</rotationalPeriod>
                <atmosphereDensity>21</atmosphereDensity>
                <generateCraters>true</generateCraters>
                <generateCaves>false</generateCaves>
                <generateVolcanos>false</generateVolcanos>
                <generateStructures>false</generateStructures>
                <generateGeodes>false</generateGeodes>
                <biomeIds>advancedrocketry:moon;30,advancedrocketry:moondark;30</biomeIds>
            </planet>
            <oceanBlock>minecraft:lava</oceanBlock>
        </planet>
    </star>
    <star blackHole="false" name="Alykitt" numGasGiants="0" numPlanets="0" size="1.0" temp="120" x="75" y="200">
        <planet DIMID="86" name="Alykitt 86">
            <isKnown>false</isKnown>
            <GasGiant>true</GasGiant>
            <gas>ammonia</gas>
            <gas>oxygen</gas>
            <gas>nitrogen</gas>
            <fogColor>1.0,1.0,1.0</fogColor>
            <skyColor>1.0,1.0,1.0</skyColor>
            <gravitationalMultiplier>87</gravitationalMultiplier>
            <orbitalDistance>234</orbitalDistance>
            <orbitalTheta>0</orbitalTheta>
            <orbitalPhi>0</orbitalPhi>
            <retrograde>false</retrograde>
            <avgTemperature>263</avgTemperature>
            <rotationalPeriod>24000</rotationalPeriod>
            <atmosphereDensity>186</atmosphereDensity>
            <generateCraters>false</generateCraters>
            <generateCaves>false</generateCaves>
            <generateVolcanos>false</generateVolcanos>
            <generateStructures>false</generateStructures>
            <generateGeodes>false</generateGeodes>
        </planet>
        <planet DIMID="87" name="Alykitt 87">
            <isKnown>false</isKnown>
            <fogColor>1.0,1.0,1.0</fogColor>
            <skyColor>0.8,0.9201594,0.35730994</skyColor>
            <gravitationalMultiplier>130</gravitationalMultiplier>
            <orbitalDistance>93</orbitalDistance>
            <orbitalTheta>313</orbitalTheta>
            <orbitalPhi>-122</orbitalPhi>
            <retrograde>false</retrograde>
            <avgTemperature>385</avgTemperature>
            <rotationalPeriod>10923</rotationalPeriod>
            <atmosphereDensity>134</atmosphereDensity>
            <generateCraters>false</generateCraters>
            <generateCaves>false</generateCaves>
            <generateVolcanos>false</generateVolcanos>
            <generateStructures>true</generateStructures>
            <generateGeodes>true</generateGeodes>
            <biomeIds>minecraft:stone_beach;30,minecraft:ocean;30,minecraft:jungle;30,midnight:hilly_vigilant_forest;30,byg:benchantedforest;2</biomeIds>
            <planet DIMID="88" name="Alykitt 87: 0">
                <isKnown>false</isKnown>
                <fogColor>1.0,1.0,1.0</fogColor>
                <skyColor>0.8,0.6326923,0.71025664</skyColor>
                <gravitationalMultiplier>54</gravitationalMultiplier>
                <orbitalDistance>123</orbitalDistance>
                <orbitalTheta>295</orbitalTheta>
                <orbitalPhi>-202</orbitalPhi>
                <retrograde>false</retrograde>
                <avgTemperature>276</avgTemperature>
                <rotationalPeriod>152415</rotationalPeriod>
                <atmosphereDensity>14</atmosphereDensity>
                <generateCraters>true</generateCraters>
                <generateCaves>false</generateCaves>
                <generateVolcanos>false</generateVolcanos>
                <generateStructures>false</generateStructures>
                <generateGeodes>false</generateGeodes>
                <biomeIds>advancedrocketry:moon;30,advancedrocketry:moondark;30</biomeIds>
            </planet>
            <planet DIMID="89" name="Alykitt 87: 1">
                <isKnown>false</isKnown>
                <fogColor>1.0,1.0,1.0</fogColor>
                <skyColor>0.8,0.74661523,0.84240615</skyColor>
                <gravitationalMultiplier>44</gravitationalMultiplier>
                <orbitalDistance>162</orbitalDistance>
                <orbitalTheta>325</orbitalTheta>
                <orbitalPhi>80</orbitalPhi>
                <retrograde>false</retrograde>
                <avgTemperature>241</avgTemperature>
                <rotationalPeriod>281743</rotationalPeriod>
                <atmosphereDensity>20</atmosphereDensity>
                <generateCraters>true</generateCraters>
                <generateCaves>false</generateCaves>
                <generateVolcanos>false</generateVolcanos>
                <generateStructures>false</generateStructures>
                <generateGeodes>false</generateGeodes>
                <biomeIds>advancedrocketry:moon;30,advancedrocketry:moondark;30</biomeIds>
            </planet>
            <planet DIMID="90" name="Alykitt 87: 2">
                <isKnown>false</isKnown>
                <fogColor>1.0,1.0,1.0</fogColor>
                <skyColor>0.8,0.90658855,0.7239131</skyColor>
                <gravitationalMultiplier>60</gravitationalMultiplier>
                <orbitalDistance>126</orbitalDistance>
                <orbitalTheta>78</orbitalTheta>
                <orbitalPhi>-84</orbitalPhi>
                <retrograde>false</retrograde>
                <avgTemperature>273</avgTemperature>
                <rotationalPeriod>111111</rotationalPeriod>
                <atmosphereDensity>37</atmosphereDensity>
                <generateCraters>true</generateCraters>
                <generateCaves>false</generateCaves>
                <generateVolcanos>false</generateVolcanos>
                <generateStructures>false</generateStructures>
                <generateGeodes>false</generateGeodes>
                <biomeIds>minecraft:ice_flats;30</biomeIds>
            </planet>
        </planet>
        <planet DIMID="91" name="Alykitt 91">
            <isKnown>false</isKnown>
            <fogColor>1.0,1.0,1.0</fogColor>
            <skyColor>0.8,0.87535286,0.73516655</skyColor>
            <gravitationalMultiplier>98</gravitationalMultiplier>
            <orbitalDistance>118</orbitalDistance>
            <orbitalTheta>89</orbitalTheta>
            <orbitalPhi>34</orbitalPhi>
            <retrograde>false</retrograde>
            <avgTemperature>282</avgTemperature>
            <rotationalPeriod>25113</rotationalPeriod>
            <atmosphereDensity>55</atmosphereDensity>
            <generateCraters>true</generateCraters>
            <generateCaves>false</generateCaves>
            <generateVolcanos>false</generateVolcanos>
            <generateStructures>false</generateStructures>
            <generateGeodes>false</generateGeodes>
            <biomeIds>byg:bancientforest;2,midnight:fungi_forest;30,minecraft:redwood_taiga_hills;30,byg:bseasonaldeciduous;4,byg:borchard;4</biomeIds>
        </planet>
        <planet DIMID="92" name="Alykitt 92">
            <isKnown>false</isKnown>
            <fogColor>1.0,1.0,1.0</fogColor>
            <skyColor>0.8,0.8884158,0.8307693</skyColor>
            <gravitationalMultiplier>116</gravitationalMultiplier>
            <orbitalDistance>169</orbitalDistance>
            <orbitalTheta>184</orbitalTheta>
            <orbitalPhi>74</orbitalPhi>
            <retrograde>false</retrograde>
            <avgTemperature>236</avgTemperature>
            <rotationalPeriod>14423</rotationalPeriod>
            <atmosphereDensity>0</atmosphereDensity>
            <generateCraters>true</generateCraters>
            <generateCaves>false</generateCaves>
            <generateVolcanos>false</generateVolcanos>
            <generateStructures>false</generateStructures>
            <generateGeodes>false</generateGeodes>
            <biomeIds>advancedrocketry:moon;30,advancedrocketry:moondark;30</biomeIds>
            <planet DIMID="93" name="Alykitt 92: 0">
                <isKnown>false</isKnown>
                <fogColor>1.0,1.0,1.0</fogColor>
                <skyColor>0.8,0.7611973,0.81562036</skyColor>
                <gravitationalMultiplier>71</gravitationalMultiplier>
                <orbitalDistance>136</orbitalDistance>
                <orbitalTheta>29</orbitalTheta>
                <orbitalPhi>15</orbitalPhi>
                <retrograde>false</retrograde>
                <avgTemperature>263</avgTemperature>
                <rotationalPeriod>67055</rotationalPeriod>
                <atmosphereDensity>36</atmosphereDensity>
                <generateCraters>true</generateCraters>
                <generateCaves>false</generateCaves>
                <generateVolcanos>false</generateVolcanos>
                <generateStructures>false</generateStructures>
                <generateGeodes>false</generateGeodes>
                <biomeIds>minecraft:extreme_hills;10,advancedrocketry:crystalchasms;30,byg:bmangrovemarshes;4,midnight:obscured_peaks;30,minecraft:mushroom_island;30</biomeIds>
            </planet>
            <planet DIMID="94" name="Alykitt 92: 1">
                <isKnown>false</isKnown>
                <fogColor>1.0,1.0,1.0</fogColor>
                <skyColor>0.8,0.96406686,0.7839709</skyColor>
                <gravitationalMultiplier>75</gravitationalMultiplier>
                <orbitalDistance>146</orbitalDistance>
                <orbitalTheta>306</orbitalTheta>
                <orbitalPhi>-55</orbitalPhi>
                <retrograde>false</retrograde>
                <avgTemperature>254</avgTemperature>
                <rotationalPeriod>56888</rotationalPeriod>
                <atmosphereDensity>23</atmosphereDensity>
                <generateCraters>true</generateCraters>
                <generateCaves>false</generateCaves>
                <generateVolcanos>false</generateVolcanos>
                <generateStructures>false</generateStructures>
                <generateGeodes>false</generateGeodes>
                <biomeIds>advancedrocketry:moon;30,advancedrocketry:moondark;30</biomeIds>
            </planet>
            <planet DIMID="95" name="Alykitt 92: 2">
                <isKnown>false</isKnown>
                <fogColor>1.0,1.0,1.0</fogColor>
                <skyColor>0.8,0.51768804,0.79599655</skyColor>
                <gravitationalMultiplier>61</gravitationalMultiplier>
                <orbitalDistance>131</orbitalDistance>
                <orbitalTheta>171</orbitalTheta>
                <orbitalPhi>0</orbitalPhi>
                <retrograde>false</retrograde>
                <avgTemperature>268</avgTemperature>
                <rotationalPeriod>105735</rotationalPeriod>
                <atmosphereDensity>36</atmosphereDensity>
                <generateCraters>true</generateCraters>
                <generateCaves>false</generateCaves>
                <generateVolcanos>false</generateVolcanos>
                <generateStructures>false</generateStructures>
                <generateGeodes>false</generateGeodes>
                <biomeIds>minecraft:ice_flats;30</biomeIds>
            </planet>
        </planet>
    </star>
</galaxy>
