{"stat.useItem.minecraft.bow":2,"stat.pickup.huajiage.orga_hair":1,"stat.leaveGame":25,"stat.pickup.portality.module_energy":2,"stat.useItem.alchemistry.helium_light":3,"stat.useItem.chiselsandbits.block_bit":115,"stat.pickup.engineersdecor.factory_hopper":2,"stat.useItem.minecraft.diamond_sword":4,"stat.pickup.icbmclassic.missile":1,"stat.swimOneCm":446,"stat.drop.minecraft.feather":1,"stat.pickup.minecraft.porkchop":2,"stat.pickup.huajiage.huaji_sword":1,"stat.useItem.thermalfoundation.upgrade":1,"stat.pickup.huajiage.orga_running":1,"stat.useItem.minecraft.stone_slab2":478,"stat.pickup.huajiage.orga_chestplate":1,"stat.pickup.minecraft.diamond_leggings":1,"stat.flyOneCm":1168857,"stat.killEntity.techguns.ZombieFarmer":1,"stat.pickup.quark.tallow":1,"stat.useItem.aetherworks.item_axe_ender":2,"stat.timeSinceDeath":927773,"stat.hopperInspected":1,"stat.pickup.minecraft.mutton":2,"stat.pickup.thermalexpansion.satchel":1,"stat.pickup.chiselsandbits.block_bit":1,"stat.pickup.aquaculture.neptunium_chestplate":3,"stat.pickup.byg.delphinium":2,"stat.useItem.minecraft.lever":7,"stat.pickup.cyberware.body_part":1,"stat.pickup.inventorypets.pig_pet":1,"stat.pickup.aquaculture.neptunium_shovel":1,"stat.furnaceInteraction":26,"stat.drop.thermalexpansion.satchel":1,"stat.useItem.huajiage.wave_knife":17,"stat.pickup.huajiage.wave_knife":2,"stat.useItem.architecturecraft.shape":52,"stat.craftItem.minecraft.stone_slab2":0,"stat.sprintOneCm":123967,"stat.pickup.immersiveengineering.tool":1,"stat.pickup.portality.module_fluids":2,"stat.killEntity.Horse":2,"stat.useItem.carryon.tile_item":3,"stat.pickup.aquaculture.neptunium_hoe":1,"stat.pickup.minecraft.diamond_chestplate":1,"stat.pickup.minecraft.emerald":16,"stat.useItem.chiselsandbits.chiseled_rock":50,"stat.drop.icbmclassic.missile":1,"stat.mineBlock.byg.angelica":1,"stat.pickup.minecraft.lever":1,"stat.pickup.aquaculture.neptunium_pickaxe":5,"stat.deaths":11,"stat.pickup.aquaculture.neptunium_boots":3,"stat.drop":11,"stat.playOneMinute":1156306,"stat.pickup.minecraft.blaze_rod":1,"stat.pickup.huajiage.second_foil":1,"stat.killEntity.Sheep":7,"stat.useItem.alchemistry.argon_light":29,"stat.pickup.nuclearcraft.ingot":63,"stat.diveOneCm":378,"stat.chestOpened":25,"stat.pickup.tconstruct.toolforge":1,"stat.pickup.inventorypets.chest_pet":1,"stat.pickup.harvestcraft.chilipepperitem":1,"stat.pickup.aquaculture.neptunium_sword":2,"stat.jump":2576,"stat.fallOneCm":39858,"stat.pickup.minecraft.iron_ingot":168,"stat.useItem.aroma1997sdimension.portalframe":9,"stat.crouchOneCm":87814,"stat.pickup.huajiage.lord_core":1,"stat.craftItem.minecraft.iron_ingot":8,"stat.pickup.minecraft.iron_ore":253,"stat.useItem.aetherworks.item_crossbow_quartz":31,"stat.drop.quark.tallow":1,"stat.damageTaken":11635,"stat.pickup.minecraft.feather":1,"stat.drop.aetherworks.item_axe_ender":1,"stat.pickup.forbidden_arcanus.runic_tenebris_core":1,"stat.pickup.immersiveengineering.stone_decoration":126,"stat.drop.huajiage.wave_knife":1,"stat.pickup.byg.angelica":8,"stat.drop.huajiage.lord_key":1,"stat.pickup.powersuits.powerarmorcomponent":4,"stat.damageDealt":2231,"stat.useItem.thermalexpansion.augment":1,"stat.killEntity.Cow":1,"stat.killEntity.Pig":4,"stat.drop.huajiage.lord_core":1,"stat.killEntity.cyberzombie":1,"stat.walkOneCm":272073,"stat.drop.alchemistry.milk":1,"stat.drop.minecraft.porkchop":2,"stat.pickup.huajiage.orga_boots":1,"stat.useItem.aetherworks.item_crossbow_magma":9,"stat.pickup.minecraft.iron_pickaxe":1,"stat.pickup.minecraft.stone":192,"stat.pickup.armorplus.coal_helmet":2,"stat.pickup.aquaculture.neptunium_axe":5,"stat.pickup.iceandfire.dragonscales_gray":1,"stat.drop.huajiage.second_foil":1,"stat.pickup.minecraft.gold_ingot":23,"stat.pickup.portality.module_items":2,"stat.killEntity.Chicken":2,"stat.pickup.minecraft.diamond_helmet":1,"stat.craftItem.armorplus.coal_helmet":1,"stat.pickup.huajiage.hero_bow":1,"stat.pickup.inventorypets.pet_politically_correct":1,"stat.mobKills":19,"stat.pickup.minecraft.diamond_boots":1,"stat.pickup.huajiage.lord_key":1,"stat.useItem.carryon.entity_item":1,"stat.pickup.huajiage.orga_leggings":1,"stat.pickup.minecraft.diamond":11,"stat.pickup.huajiage.huaji_star_sword":1,"stat.useItem.appliedenergistics2.part":3,"stat.pickup.inventorypets.blaze_pet":1,"stat.sneakTime":10624,"stat.pickup.minecraft.wool":1,"stat.pickup.aquaculture.neptunium_helmet":1,"stat.pickup.portality.module_interdimensional":1}