{"stat.chestOpened":3,"stat.walkOneCm":54623,"stat.useItem.carryon.tile_item":2,"stat.pickup.byg.delphinium":1,"stat.drop.icbmclassic.rocketlauncher":1,"stat.pickup.alchemistry.milk":1,"stat.leaveGame":8,"stat.pickup.harvestcraft.cucumberitem":1,"stat.pickup.byg.rose":1,"stat.drop.icbmclassic.missile":1,"stat.pickup.cyberware.surgery_chamber":1,"stat.flyOneCm":331804,"stat.drop":4,"stat.jump":106,"stat.playOneMinute":315122,"stat.drop.harvestcraft.lettuceitem":1,"stat.pickup.byg.angelica":1,"stat.sneakTime":1301,"stat.crouchOneCm":19335,"stat.craftItem.gregtech.mining_hammer":1,"stat.timeSinceDeath":315122,"stat.drop.byg.delphinium":1,"stat.pickup.harvestcraft.lettuceitem":1,"stat.sprintOneCm":15943,"stat.useItem.minecraft.stone_slab2":13}