{"stat.pickup.cyberware.surgery_chamber":1,"stat.chestOpened":3,"stat.flyOneCm":184015,"stat.walkOneCm":30701,"stat.drop":2,"stat.jump":51,"stat.useItem.carryon.tile_item":2,"stat.playOneMinute":110697,"stat.drop.icbmclassic.rocketlauncher":1,"stat.pickup.alchemistry.milk":1,"stat.leaveGame":2,"stat.sneakTime":243,"stat.crouchOneCm":670,"stat.craftItem.gregtech.mining_hammer":1,"stat.timeSinceDeath":110697,"stat.sprintOneCm":7790,"stat.useItem.minecraft.stone_slab2":13,"stat.drop.icbmclassic.missile":1}