{"stat.drop.appliedenergistics2.spatial_pylon":1,"stat.flyOneCm":169628,"stat.drop.minecraft.sponge":1,"stat.walkOneCm":3234,"stat.drop":8,"stat.jump":15,"stat.playOneMinute":25288,"stat.drop.appliedenergistics2.creative_energy_cell":2,"stat.useItem.appliedenergistics2.part":57,"stat.leaveGame":1,"stat.sneakTime":642,"stat.pickup.appliedenergistics2.spatial_storage_cell_16_cubed":1,"stat.crouchOneCm":405,"stat.timeSinceDeath":25288,"stat.drop.minecraft.stone_button":2,"stat.sprintOneCm":812,"stat.useItem.minecraft.stone_slab2":187,"stat.drop.appliedenergistics2.spatial_io_port":1,"stat.drop.appliedenergistics2.part":1}