{"stat.chestOpened":9,"stat.walkOneCm":99410,"stat.pickup.byg.delphinium":1,"stat.drop.icbmclassic.rocketlauncher":1,"stat.pickup.alchemistry.milk":1,"stat.pickup.harvestcraft.onionitem":3,"stat.leaveGame":9,"stat.pickup.byg.rose":2,"stat.pickup.mowziesmobs.earth_talisman":3,"stat.pickup.cyberware.surgery_chamber":1,"stat.useItem.storagedrawers.basicdrawers":1,"stat.jump":251,"stat.pickup.harvestcraft.artichokeitem":1,"stat.pickup.minecraft.carrot":2,"stat.pickup.minecraft.stone":832,"stat.crouchOneCm":30816,"stat.craftItem.gregtech.mining_hammer":1,"stat.pickup.harvestcraft.peanutitem":1,"stat.pickup.minecraft.dirt":16,"stat.sprintOneCm":30739,"stat.useItem.minecraft.stone_slab2":13,"stat.useItem.carryon.tile_item":2,"stat.pickup.thaumcraft.alumentum":1,"stat.pickup.harvestcraft.barleyitem":1,"stat.pickup.harvestcraft.cucumberitem":1,"stat.pickup.harvestcraft.strawberryitem":1,"stat.pickup.harvestcraft.wintersquashitem":2,"stat.drop.icbmclassic.missile":1,"stat.flyOneCm":646770,"stat.drop":4,"stat.playOneMinute":418129,"stat.drop.harvestcraft.lettuceitem":1,"stat.pickup.byg.angelica":1,"stat.sneakTime":1968,"stat.timeSinceDeath":418129,"stat.drop.byg.delphinium":1,"stat.pickup.minecraft.snowball":26,"stat.pickup.harvestcraft.lettuceitem":2,"stat.pickup.harvestcraft.elderberryitem":1,"stat.pickup.minecraft.wheat":1}