<?xml version="1.0" encoding="UTF-8" standalone="no"?>
<galaxy>
    <star blackHole="false" name="Sol" numGasGiants="0" numPlanets="0" size="1.0" temp="100" x="0" y="0">
        <planet DIMID="0" dimMapping="" name="Earth">
            <isKnown>true</isKnown>
            <fogColor>1.0,1.0,1.0</fogColor>
            <skyColor>1.0,1.0,1.0</skyColor>
            <gravitationalMultiplier>100</gravitationalMultiplier>
            <orbitalDistance>100</orbitalDistance>
            <orbitalTheta>0</orbitalTheta>
            <orbitalPhi>0</orbitalPhi>
            <retrograde>false</retrograde>
            <avgTemperature>287</avgTemperature>
            <rotationalPeriod>24000</rotationalPeriod>
            <atmosphereDensity>100</atmosphereDensity>
            <generateCraters>false</generateCraters>
            <generateCaves>false</generateCaves>
            <generateVolcanos>false</generateVolcanos>
            <generateStructures>false</generateStructures>
            <generateGeodes>false</generateGeodes>
            <planet DIMID="9" name="Luna">
                <isKnown>false</isKnown>
                <fogColor>1.0,1.0,1.0</fogColor>
                <skyColor>1.0,1.0,1.0</skyColor>
                <gravitationalMultiplier>16</gravitationalMultiplier>
                <orbitalDistance>150</orbitalDistance>
                <orbitalTheta>0</orbitalTheta>
                <orbitalPhi>0</orbitalPhi>
                <retrograde>false</retrograde>
                <avgTemperature>255</avgTemperature>
                <rotationalPeriod>128000</rotationalPeriod>
                <atmosphereDensity>0</atmosphereDensity>
                <generateCraters>true</generateCraters>
                <generateCaves>false</generateCaves>
                <generateVolcanos>false</generateVolcanos>
                <generateStructures>false</generateStructures>
                <generateGeodes>false</generateGeodes>
                <biomeIds>advancedrocketry:moon;30,advancedrocketry:moondark;30</biomeIds>
            </planet>
        </planet>
        <planet DIMID="32" name="Sol 32">
            <isKnown>false</isKnown>
            <fogColor>1.0,1.0,1.0</fogColor>
            <skyColor>0.8,0.5039142,0.518688</skyColor>
            <gravitationalMultiplier>107</gravitationalMultiplier>
            <orbitalDistance>54</orbitalDistance>
            <orbitalTheta>262</orbitalTheta>
            <orbitalPhi>-184</orbitalPhi>
            <retrograde>false</retrograde>
            <avgTemperature>348</avgTemperature>
            <rotationalPeriod>19319</rotationalPeriod>
            <atmosphereDensity>61</atmosphereDensity>
            <generateCraters>true</generateCraters>
            <generateCaves>false</generateCaves>
            <generateVolcanos>false</generateVolcanos>
            <generateStructures>false</generateStructures>
            <generateGeodes>false</generateGeodes>
            <biomeIds>minecraft:savanna;30,byg:bshrublands;3,midnight:phantasmal_valley;30,minecraft:mutated_redwood_taiga;30,byg:bcolored_canyons;3</biomeIds>
        </planet>
        <planet DIMID="18" name="Sol 18">
            <isKnown>false</isKnown>
            <fogColor>1.0,1.0,1.0</fogColor>
            <skyColor>0.8,0.8811009,0.71738076</skyColor>
            <gravitationalMultiplier>130</gravitationalMultiplier>
            <orbitalDistance>117</orbitalDistance>
            <orbitalTheta>174</orbitalTheta>
            <orbitalPhi>-244</orbitalPhi>
            <retrograde>false</retrograde>
            <avgTemperature>277</avgTemperature>
            <rotationalPeriod>10923</rotationalPeriod>
            <atmosphereDensity>119</atmosphereDensity>
            <generateCraters>false</generateCraters>
            <generateCaves>false</generateCaves>
            <generateVolcanos>false</generateVolcanos>
            <generateStructures>true</generateStructures>
            <generateGeodes>false</generateGeodes>
            <biomeIds>byg:bsnowydeciduousforest;4,midnight:hilly_fungi_forest;30,minecraft:ice_mountains;30,minecraft:mesa_clear_rock;30,byg:bmapleforest;4</biomeIds>
            <planet DIMID="19" name="Sol 18: 0">
                <isKnown>false</isKnown>
                <fogColor>1.0,1.0,1.0</fogColor>
                <skyColor>0.8,0.81217474,0.95142186</skyColor>
                <gravitationalMultiplier>77</gravitationalMultiplier>
                <orbitalDistance>134</orbitalDistance>
                <orbitalTheta>304</orbitalTheta>
                <orbitalPhi>183</orbitalPhi>
                <retrograde>false</retrograde>
                <avgTemperature>221</avgTemperature>
                <rotationalPeriod>52570</rotationalPeriod>
                <atmosphereDensity>27</atmosphereDensity>
                <generateCraters>true</generateCraters>
                <generateCaves>false</generateCaves>
                <generateVolcanos>false</generateVolcanos>
                <generateStructures>false</generateStructures>
                <generateGeodes>false</generateGeodes>
                <biomeIds>minecraft:mutated_jungle_edge;30,byg:bdeadsea;2,advancedrocketry:oceanspires;30,byg:bredoakforest;4,midnight:deceitful_bog;30</biomeIds>
            </planet>
            <planet DIMID="20" name="Sol 18: 1">
                <isKnown>false</isKnown>
                <fogColor>1.0,1.0,1.0</fogColor>
                <skyColor>0.8,0.9303491,0.96415514</skyColor>
                <gravitationalMultiplier>45</gravitationalMultiplier>
                <orbitalDistance>178</orbitalDistance>
                <orbitalTheta>130</orbitalTheta>
                <orbitalPhi>-266</orbitalPhi>
                <retrograde>false</retrograde>
                <avgTemperature>191</avgTemperature>
                <rotationalPeriod>263374</rotationalPeriod>
                <atmosphereDensity>34</atmosphereDensity>
                <generateCraters>true</generateCraters>
                <generateCaves>false</generateCaves>
                <generateVolcanos>false</generateVolcanos>
                <generateStructures>false</generateStructures>
                <generateGeodes>false</generateGeodes>
                <biomeIds>minecraft:mutated_desert;30,byg:baspenforest;3,tardis:telos_orange;30,minecraft:roofed_forest;10,midnight:warped_fields;30</biomeIds>
            </planet>
            <planet DIMID="21" name="Sol 18: 2">
                <isKnown>false</isKnown>
                <fogColor>1.0,1.0,1.0</fogColor>
                <skyColor>0.8,0.750564,0.9660102</skyColor>
                <gravitationalMultiplier>42</gravitationalMultiplier>
                <orbitalDistance>168</orbitalDistance>
                <orbitalTheta>217</orbitalTheta>
                <orbitalPhi>-44</orbitalPhi>
                <retrograde>false</retrograde>
                <avgTemperature>197</avgTemperature>
                <rotationalPeriod>323939</rotationalPeriod>
                <atmosphereDensity>26</atmosphereDensity>
                <generateCraters>true</generateCraters>
                <generateCaves>false</generateCaves>
                <generateVolcanos>false</generateVolcanos>
                <generateStructures>false</generateStructures>
                <generateGeodes>false</generateGeodes>
                <biomeIds>minecraft:ice_flats;30</biomeIds>
            </planet>
        </planet>
        <planet DIMID="22" name="Sol 22">
            <isKnown>false</isKnown>
            <fogColor>1.0,1.0,1.0</fogColor>
            <skyColor>0.8,0.7535523,1.0</skyColor>
            <gravitationalMultiplier>130</gravitationalMultiplier>
            <orbitalDistance>211</orbitalDistance>
            <orbitalTheta>139</orbitalTheta>
            <orbitalPhi>213</orbitalPhi>
            <retrograde>false</retrograde>
            <avgTemperature>176</avgTemperature>
            <rotationalPeriod>10923</rotationalPeriod>
            <atmosphereDensity>50</atmosphereDensity>
            <generateCraters>true</generateCraters>
            <generateCaves>false</generateCaves>
            <generateVolcanos>false</generateVolcanos>
            <generateStructures>false</generateStructures>
            <generateGeodes>false</generateGeodes>
            <biomeIds>byg:balps;4,thaumcraft:eerie;30,byg:bstellatapasture;3,minecraft:mutated_redwood_taiga_hills;30,byg:bredwoodtropics;4</biomeIds>
        </planet>
        <planet DIMID="23" name="Sol 23">
            <isKnown>false</isKnown>
            <fogColor>1.0,1.0,1.0</fogColor>
            <skyColor>0.8,0.5141819,0.83003324</skyColor>
            <gravitationalMultiplier>117</gravitationalMultiplier>
            <orbitalDistance>149</orbitalDistance>
            <orbitalTheta>51</orbitalTheta>
            <orbitalPhi>344</orbitalPhi>
            <retrograde>false</retrograde>
            <avgTemperature>258</avgTemperature>
            <rotationalPeriod>14794</rotationalPeriod>
            <atmosphereDensity>145</atmosphereDensity>
            <generateCraters>false</generateCraters>
            <generateCaves>false</generateCaves>
            <generateVolcanos>false</generateVolcanos>
            <generateStructures>true</generateStructures>
            <generateGeodes>true</generateGeodes>
            <biomeIds>advancedrocketry:crystalchasms;30</biomeIds>
        </planet>
        <planet DIMID="24" name="Sol 24">
            <isKnown>false</isKnown>
            <fogColor>1.0,1.0,1.0</fogColor>
            <skyColor>0.8,0.8362701,0.4989761</skyColor>
            <gravitationalMultiplier>130</gravitationalMultiplier>
            <orbitalDistance>62</orbitalDistance>
            <orbitalTheta>25</orbitalTheta>
            <orbitalPhi>-278</orbitalPhi>
            <retrograde>false</retrograde>
            <avgTemperature>352</avgTemperature>
            <rotationalPeriod>10923</rotationalPeriod>
            <atmosphereDensity>86</atmosphereDensity>
            <generateCraters>false</generateCraters>
            <generateCaves>false</generateCaves>
            <generateVolcanos>false</generateVolcanos>
            <generateStructures>true</generateStructures>
            <generateGeodes>false</generateGeodes>
            <biomeIds>advancedrocketry:volcanicbarren;30</biomeIds>
            <planet DIMID="25" name="Sol 24: 0">
                <isKnown>false</isKnown>
                <fogColor>1.0,1.0,1.0</fogColor>
                <skyColor>0.8,0.5726085,0.95375913</skyColor>
                <gravitationalMultiplier>78</gravitationalMultiplier>
                <orbitalDistance>148</orbitalDistance>
                <orbitalTheta>49</orbitalTheta>
                <orbitalPhi>-346</orbitalPhi>
                <retrograde>false</retrograde>
                <avgTemperature>210</avgTemperature>
                <rotationalPeriod>50574</rotationalPeriod>
                <atmosphereDensity>18</atmosphereDensity>
                <generateCraters>true</generateCraters>
                <generateCaves>false</generateCaves>
                <generateVolcanos>false</generateVolcanos>
                <generateStructures>false</generateStructures>
                <generateGeodes>false</generateGeodes>
                <biomeIds>advancedrocketry:moon;30,advancedrocketry:moondark;30</biomeIds>
            </planet>
        </planet>
        <planet DIMID="26" name="Sol 26">
            <isKnown>false</isKnown>
            <fogColor>1.0,1.0,1.0</fogColor>
            <skyColor>0.8,0.8665525,0.8043032</skyColor>
            <gravitationalMultiplier>130</gravitationalMultiplier>
            <orbitalDistance>98</orbitalDistance>
            <orbitalTheta>34</orbitalTheta>
            <orbitalPhi>-71</orbitalPhi>
            <retrograde>false</retrograde>
            <avgTemperature>258</avgTemperature>
            <rotationalPeriod>10923</rotationalPeriod>
            <atmosphereDensity>39</atmosphereDensity>
            <generateCraters>true</generateCraters>
            <generateCaves>false</generateCaves>
            <generateVolcanos>false</generateVolcanos>
            <generateStructures>false</generateStructures>
            <generateGeodes>false</generateGeodes>
            <biomeIds>midnight:phantasmal_valley;30,byg:bbayou;4,byg:boutlands;4,minecraft:mutated_mesa_clear_rock;30,minecraft:mutated_birch_forest;30</biomeIds>
            <planet DIMID="27" name="Sol 26: 0">
                <isKnown>false</isKnown>
                <fogColor>1.0,1.0,1.0</fogColor>
                <skyColor>0.8,0.83622205,0.909037</skyColor>
                <gravitationalMultiplier>89</gravitationalMultiplier>
                <orbitalDistance>151</orbitalDistance>
                <orbitalTheta>340</orbitalTheta>
                <orbitalPhi>-351</orbitalPhi>
                <retrograde>false</retrograde>
                <avgTemperature>208</avgTemperature>
                <rotationalPeriod>34044</rotationalPeriod>
                <atmosphereDensity>20</atmosphereDensity>
                <generateCraters>true</generateCraters>
                <generateCaves>false</generateCaves>
                <generateVolcanos>false</generateVolcanos>
                <generateStructures>false</generateStructures>
                <generateGeodes>false</generateGeodes>
                <biomeIds>advancedrocketry:moon;30,advancedrocketry:moondark;30</biomeIds>
            </planet>
        </planet>
        <planet DIMID="11" name="Sol 11">
            <isKnown>false</isKnown>
            <GasGiant>true</GasGiant>
            <gas>hydrogen</gas>
            <gas>helium</gas>
            <fogColor>1.0,1.0,1.0</fogColor>
            <skyColor>1.0,1.0,1.0</skyColor>
            <gravitationalMultiplier>130</gravitationalMultiplier>
            <orbitalDistance>238</orbitalDistance>
            <orbitalTheta>0</orbitalTheta>
            <orbitalPhi>0</orbitalPhi>
            <retrograde>false</retrograde>
            <avgTemperature>199</avgTemperature>
            <rotationalPeriod>24000</rotationalPeriod>
            <atmosphereDensity>132</atmosphereDensity>
            <generateCraters>false</generateCraters>
            <generateCaves>false</generateCaves>
            <generateVolcanos>false</generateVolcanos>
            <generateStructures>false</generateStructures>
            <generateGeodes>false</generateGeodes>
            <planet DIMID="12" name="Sol 11: 0">
                <isKnown>false</isKnown>
                <fogColor>1.0,1.0,1.0</fogColor>
                <skyColor>0.8,0.8278713,0.9445785</skyColor>
                <gravitationalMultiplier>45</gravitationalMultiplier>
                <orbitalDistance>128</orbitalDistance>
                <orbitalTheta>13</orbitalTheta>
                <orbitalPhi>-28</orbitalPhi>
                <retrograde>false</retrograde>
                <avgTemperature>226</avgTemperature>
                <rotationalPeriod>263374</rotationalPeriod>
                <atmosphereDensity>19</atmosphereDensity>
                <generateCraters>true</generateCraters>
                <generateCaves>false</generateCaves>
                <generateVolcanos>false</generateVolcanos>
                <generateStructures>false</generateStructures>
                <generateGeodes>false</generateGeodes>
                <biomeIds>advancedrocketry:moon;30,advancedrocketry:moondark;30</biomeIds>
            </planet>
            <planet DIMID="13" name="Sol 11: 1">
                <isKnown>false</isKnown>
                <fogColor>1.0,1.0,1.0</fogColor>
                <skyColor>0.8,0.7563971,1.0</skyColor>
                <gravitationalMultiplier>52</gravitationalMultiplier>
                <orbitalDistance>187</orbitalDistance>
                <orbitalTheta>159</orbitalTheta>
                <orbitalPhi>-94</orbitalPhi>
                <retrograde>false</retrograde>
                <avgTemperature>187</avgTemperature>
                <rotationalPeriod>170687</rotationalPeriod>
                <atmosphereDensity>35</atmosphereDensity>
                <generateCraters>true</generateCraters>
                <generateCaves>false</generateCaves>
                <generateVolcanos>false</generateVolcanos>
                <generateStructures>false</generateStructures>
                <generateGeodes>false</generateGeodes>
                <biomeIds>byg:bnorthernforest;2,byg:bmeadow;3,byg:bancientforest;2,byg:bprairie;4,byg:bshrublands;3</biomeIds>
            </planet>
            <planet DIMID="14" name="Sol 11: 2">
                <isKnown>false</isKnown>
                <fogColor>1.0,1.0,1.0</fogColor>
                <skyColor>0.8,0.5767515,0.8358743</skyColor>
                <gravitationalMultiplier>42</gravitationalMultiplier>
                <orbitalDistance>107</orbitalDistance>
                <orbitalTheta>153</orbitalTheta>
                <orbitalPhi>153</orbitalPhi>
                <retrograde>false</retrograde>
                <avgTemperature>247</avgTemperature>
                <rotationalPeriod>323939</rotationalPeriod>
                <atmosphereDensity>32</atmosphereDensity>
                <generateCraters>true</generateCraters>
                <generateCaves>false</generateCaves>
                <generateVolcanos>false</generateVolcanos>
                <generateStructures>false</generateStructures>
                <generateGeodes>false</generateGeodes>
                <biomeIds>minecraft:mutated_birch_forest_hills;30,minecraft:mutated_extreme_hills_with_trees;30,byg:bdeadsea;2,midnight:crystal_spires;30,byg:bancientforest;2</biomeIds>
            </planet>
        </planet>
        <planet DIMID="28" name="Sol 28">
            <isKnown>false</isKnown>
            <fogColor>1.0,1.0,1.0</fogColor>
            <skyColor>0.8,0.8846836,0.58237123</skyColor>
            <gravitationalMultiplier>127</gravitationalMultiplier>
            <orbitalDistance>96</orbitalDistance>
            <orbitalTheta>324</orbitalTheta>
            <orbitalPhi>-217</orbitalPhi>
            <retrograde>false</retrograde>
            <avgTemperature>314</avgTemperature>
            <rotationalPeriod>11579</rotationalPeriod>
            <atmosphereDensity>131</atmosphereDensity>
            <generateCraters>false</generateCraters>
            <generateCaves>false</generateCaves>
            <generateVolcanos>false</generateVolcanos>
            <generateStructures>true</generateStructures>
            <generateGeodes>true</generateGeodes>
            <biomeIds>byg:bborealforest;4,advancedrocketry:oceanspires;30,byg:bwoodlands;4,byg:bredoakforest;4,minecraft:mushroom_island_shore;30</biomeIds>
            <planet DIMID="29" name="Sol 28: 0">
                <isKnown>false</isKnown>
                <fogColor>1.0,1.0,1.0</fogColor>
                <skyColor>0.8,0.51356864,0.8128879</skyColor>
                <gravitationalMultiplier>55</gravitationalMultiplier>
                <orbitalDistance>104</orbitalDistance>
                <orbitalTheta>274</orbitalTheta>
                <orbitalPhi>-50</orbitalPhi>
                <retrograde>false</retrograde>
                <avgTemperature>250</avgTemperature>
                <rotationalPeriod>144252</rotationalPeriod>
                <atmosphereDensity>27</atmosphereDensity>
                <generateCraters>true</generateCraters>
                <generateCaves>false</generateCaves>
                <generateVolcanos>false</generateVolcanos>
                <generateStructures>false</generateStructures>
                <generateGeodes>false</generateGeodes>
                <biomeIds>byg:bglowshroombayou;2,midnight:crystal_spires;30,minecraft:mutated_birch_forest_hills;30,minecraft:savanna_rock;30,minecraft:mutated_forest;30</biomeIds>
            </planet>
        </planet>
        <planet DIMID="30" name="Sol 30">
            <isKnown>false</isKnown>
            <fogColor>1.0,1.0,1.0</fogColor>
            <skyColor>0.8,0.8042184,0.7038344</skyColor>
            <gravitationalMultiplier>127</gravitationalMultiplier>
            <orbitalDistance>84</orbitalDistance>
            <orbitalTheta>249</orbitalTheta>
            <orbitalPhi>-448</orbitalPhi>
            <retrograde>false</retrograde>
            <avgTemperature>287</avgTemperature>
            <rotationalPeriod>11579</rotationalPeriod>
            <atmosphereDensity>70</atmosphereDensity>
            <generateCraters>true</generateCraters>
            <generateCaves>false</generateCaves>
            <generateVolcanos>false</generateVolcanos>
            <generateStructures>false</generateStructures>
            <generateGeodes>false</generateGeodes>
            <biomeIds>byg:bbluetaiga;4,byg:bsnowypinemountains;4,byg:bpine_lowlands;4,byg:bnorthernforest;2,minecraft:mutated_redwood_taiga_hills;30</biomeIds>
            <planet DIMID="31" name="Sol 30: 0">
                <isKnown>false</isKnown>
                <fogColor>1.0,1.0,1.0</fogColor>
                <skyColor>0.8,0.58619165,1.0</skyColor>
                <gravitationalMultiplier>56</gravitationalMultiplier>
                <orbitalDistance>192</orbitalDistance>
                <orbitalTheta>301</orbitalTheta>
                <orbitalPhi>-317</orbitalPhi>
                <retrograde>false</retrograde>
                <avgTemperature>184</avgTemperature>
                <rotationalPeriod>136661</rotationalPeriod>
                <atmosphereDensity>25</atmosphereDensity>
                <generateCraters>true</generateCraters>
                <generateCaves>false</generateCaves>
                <generateVolcanos>false</generateVolcanos>
                <generateStructures>false</generateStructures>
                <generateGeodes>false</generateGeodes>
                <biomeIds>advancedrocketry:moon;30,advancedrocketry:moondark;30</biomeIds>
            </planet>
        </planet>
        <planet DIMID="15" name="Sol 15">
            <isKnown>false</isKnown>
            <fogColor>1.0,1.0,1.0</fogColor>
            <skyColor>0.8,0.5328765,0.0</skyColor>
            <gravitationalMultiplier>127</gravitationalMultiplier>
            <orbitalDistance>35</orbitalDistance>
            <orbitalTheta>66</orbitalTheta>
            <orbitalPhi>88</orbitalPhi>
            <retrograde>false</retrograde>
            <avgTemperature>589</avgTemperature>
            <rotationalPeriod>11579</rotationalPeriod>
            <atmosphereDensity>216</atmosphereDensity>
            <generateCraters>false</generateCraters>
            <generateCaves>false</generateCaves>
            <generateVolcanos>true</generateVolcanos>
            <generateStructures>false</generateStructures>
            <generateGeodes>true</generateGeodes>
            <seaLevel>53</seaLevel>
            <biomeIds>minecraft:mutated_savanna;30,byg:bfungaljungle;3,mahoutsukai:realitymarble;0,minecraft:jungle_hills;30,byg:bredwoodtropics;4</biomeIds>
            <planet DIMID="16" name="Sol 15: 0">
                <isKnown>false</isKnown>
                <fogColor>1.0,1.0,1.0</fogColor>
                <skyColor>0.8,0.5656326,0.87876004</skyColor>
                <gravitationalMultiplier>61</gravitationalMultiplier>
                <orbitalDistance>108</orbitalDistance>
                <orbitalTheta>147</orbitalTheta>
                <orbitalPhi>-142</orbitalPhi>
                <retrograde>false</retrograde>
                <avgTemperature>246</avgTemperature>
                <rotationalPeriod>105735</rotationalPeriod>
                <atmosphereDensity>32</atmosphereDensity>
                <generateCraters>true</generateCraters>
                <generateCaves>false</generateCaves>
                <generateVolcanos>false</generateVolcanos>
                <generateStructures>false</generateStructures>
                <generateGeodes>false</generateGeodes>
                <biomeIds>minecraft:ice_flats;30</biomeIds>
            </planet>
            <planet DIMID="17" name="Sol 15: 1">
                <isKnown>false</isKnown>
                <fogColor>1.0,1.0,1.0</fogColor>
                <skyColor>0.8,0.62473,0.88812244</skyColor>
                <gravitationalMultiplier>74</gravitationalMultiplier>
                <orbitalDistance>131</orbitalDistance>
                <orbitalTheta>244</orbitalTheta>
                <orbitalPhi>-211</orbitalPhi>
                <retrograde>false</retrograde>
                <avgTemperature>223</avgTemperature>
                <rotationalPeriod>59226</rotationalPeriod>
                <atmosphereDensity>35</atmosphereDensity>
                <generateCraters>true</generateCraters>
                <generateCaves>false</generateCaves>
                <generateVolcanos>false</generateVolcanos>
                <generateStructures>false</generateStructures>
                <generateGeodes>false</generateGeodes>
                <biomeIds>midnight:vigilant_forest;30,byg:borchard;4,midnight:deceitful_bog;30,byg:bgreatoaklowlands;4,minecraft:mutated_mesa_clear_rock;30</biomeIds>
            </planet>
            <oceanBlock>minecraft:lava</oceanBlock>
        </planet>
    </star>
    <star blackHole="false" name="Wolf 12" numGasGiants="0" numPlanets="0" size="1.0" temp="10" x="300" y="-200">
        <planet DIMID="33" name="Wolf 12 33">
            <isKnown>false</isKnown>
            <fogColor>1.0,1.0,1.0</fogColor>
            <skyColor>0.41339225,0.7798925,1.0</skyColor>
            <gravitationalMultiplier>118</gravitationalMultiplier>
            <orbitalDistance>59</orbitalDistance>
            <orbitalTheta>209</orbitalTheta>
            <orbitalPhi>49</orbitalPhi>
            <retrograde>false</retrograde>
            <avgTemperature>41</avgTemperature>
            <rotationalPeriod>14423</rotationalPeriod>
            <atmosphereDensity>155</atmosphereDensity>
            <generateCraters>false</generateCraters>
            <generateCaves>false</generateCaves>
            <generateVolcanos>false</generateVolcanos>
            <generateStructures>false</generateStructures>
            <generateGeodes>true</generateGeodes>
            <biomeIds>midnight:warped_fields;30,vampirism:vampireforest;10,mahoutsukai:realitymarble;0,midnight:hilly_vigilant_forest;30,byg:bsnowyevergeentaiga;3</biomeIds>
            <planet DIMID="34" name="Wolf 12 33: 0">
                <isKnown>false</isKnown>
                <fogColor>1.0,1.0,1.0</fogColor>
                <skyColor>0.28618664,0.7628858,1.0</skyColor>
                <gravitationalMultiplier>70</gravitationalMultiplier>
                <orbitalDistance>192</orbitalDistance>
                <orbitalTheta>196</orbitalTheta>
                <orbitalPhi>-118</orbitalPhi>
                <retrograde>false</retrograde>
                <avgTemperature>18</avgTemperature>
                <rotationalPeriod>69970</rotationalPeriod>
                <atmosphereDensity>21</atmosphereDensity>
                <generateCraters>true</generateCraters>
                <generateCaves>false</generateCaves>
                <generateVolcanos>false</generateVolcanos>
                <generateStructures>false</generateStructures>
                <generateGeodes>false</generateGeodes>
                <biomeIds>advancedrocketry:moon;30,advancedrocketry:moondark;30</biomeIds>
            </planet>
        </planet>
        <planet DIMID="35" name="Wolf 12 35">
            <isKnown>false</isKnown>
            <fogColor>1.0,1.0,1.0</fogColor>
            <skyColor>0.356525,0.63381946,1.0</skyColor>
            <gravitationalMultiplier>130</gravitationalMultiplier>
            <orbitalDistance>155</orbitalDistance>
            <orbitalTheta>9</orbitalTheta>
            <orbitalPhi>-41</orbitalPhi>
            <retrograde>false</retrograde>
            <avgTemperature>22</avgTemperature>
            <rotationalPeriod>10923</rotationalPeriod>
            <atmosphereDensity>86</atmosphereDensity>
            <generateCraters>false</generateCraters>
            <generateCaves>false</generateCaves>
            <generateVolcanos>false</generateVolcanos>
            <generateStructures>false</generateStructures>
            <generateGeodes>false</generateGeodes>
            <biomeIds>minecraft:desert;30,byg:bquagmire;3,byg:bmangrovemarshes;4,byg:benchantedforest;2,midnight:hilly_fungi_forest;30</biomeIds>
            <planet DIMID="36" name="Wolf 12 35: 0">
                <isKnown>false</isKnown>
                <fogColor>1.0,1.0,1.0</fogColor>
                <skyColor>0.3070866,0.71290207,1.0</skyColor>
                <gravitationalMultiplier>68</gravitationalMultiplier>
                <orbitalDistance>157</orbitalDistance>
                <orbitalTheta>142</orbitalTheta>
                <orbitalPhi>-24</orbitalPhi>
                <retrograde>false</retrograde>
                <avgTemperature>20</avgTemperature>
                <rotationalPeriod>76328</rotationalPeriod>
                <atmosphereDensity>15</atmosphereDensity>
                <generateCraters>true</generateCraters>
                <generateCaves>false</generateCaves>
                <generateVolcanos>false</generateVolcanos>
                <generateStructures>false</generateStructures>
                <generateGeodes>false</generateGeodes>
                <biomeIds>advancedrocketry:moon;30,advancedrocketry:moondark;30</biomeIds>
            </planet>
            <planet DIMID="37" name="Wolf 12 35: 1">
                <isKnown>false</isKnown>
                <fogColor>1.0,1.0,1.0</fogColor>
                <skyColor>0.29270834,0.83657706,1.0</skyColor>
                <gravitationalMultiplier>72</gravitationalMultiplier>
                <orbitalDistance>142</orbitalDistance>
                <orbitalTheta>282</orbitalTheta>
                <orbitalPhi>244</orbitalPhi>
                <retrograde>false</retrograde>
                <avgTemperature>21</avgTemperature>
                <rotationalPeriod>64300</rotationalPeriod>
                <atmosphereDensity>29</atmosphereDensity>
                <generateCraters>true</generateCraters>
                <generateCaves>false</generateCaves>
                <generateVolcanos>false</generateVolcanos>
                <generateStructures>false</generateStructures>
                <generateGeodes>false</generateGeodes>
                <biomeIds>minecraft:mesa_rock;30,byg:bstellatapasture;3,byg:boutlands;4,byg:baspenforest;3,midnight:night_plains;30</biomeIds>
            </planet>
        </planet>
        <planet DIMID="38" name="Wolf 12 38">
            <isKnown>false</isKnown>
            <fogColor>1.0,1.0,1.0</fogColor>
            <skyColor>0.30283475,0.9281864,1.0</skyColor>
            <gravitationalMultiplier>118</gravitationalMultiplier>
            <orbitalDistance>126</orbitalDistance>
            <orbitalTheta>129</orbitalTheta>
            <orbitalPhi>-239</orbitalPhi>
            <retrograde>false</retrograde>
            <avgTemperature>22</avgTemperature>
            <rotationalPeriod>14423</rotationalPeriod>
            <atmosphereDensity>14</atmosphereDensity>
            <generateCraters>true</generateCraters>
            <generateCaves>false</generateCaves>
            <generateVolcanos>false</generateVolcanos>
            <generateStructures>false</generateStructures>
            <generateGeodes>false</generateGeodes>
            <biomeIds>advancedrocketry:moon;30,advancedrocketry:moondark;30</biomeIds>
            <planet DIMID="39" name="Wolf 12 38: 0">
                <isKnown>false</isKnown>
                <fogColor>1.0,1.0,1.0</fogColor>
                <skyColor>0.29238248,0.76846886,1.0</skyColor>
                <gravitationalMultiplier>80</gravitationalMultiplier>
                <orbitalDistance>151</orbitalDistance>
                <orbitalTheta>331</orbitalTheta>
                <orbitalPhi>-184</orbitalPhi>
                <retrograde>false</retrograde>
                <avgTemperature>20</avgTemperature>
                <rotationalPeriod>46875</rotationalPeriod>
                <atmosphereDensity>25</atmosphereDensity>
                <generateCraters>true</generateCraters>
                <generateCaves>false</generateCaves>
                <generateVolcanos>false</generateVolcanos>
                <generateStructures>false</generateStructures>
                <generateGeodes>false</generateGeodes>
                <biomeIds>advancedrocketry:moon;30,advancedrocketry:moondark;30</biomeIds>
            </planet>
        </planet>
        <planet DIMID="40" name="Wolf 12 40">
            <isKnown>false</isKnown>
            <fogColor>1.0,1.0,1.0</fogColor>
            <skyColor>0.3302176,0.6663995,1.0</skyColor>
            <gravitationalMultiplier>130</gravitationalMultiplier>
            <orbitalDistance>89</orbitalDistance>
            <orbitalTheta>298</orbitalTheta>
            <orbitalPhi>127</orbitalPhi>
            <retrograde>false</retrograde>
            <avgTemperature>32</avgTemperature>
            <rotationalPeriod>10923</rotationalPeriod>
            <atmosphereDensity>125</atmosphereDensity>
            <generateCraters>false</generateCraters>
            <generateCaves>false</generateCaves>
            <generateVolcanos>false</generateVolcanos>
            <generateStructures>false</generateStructures>
            <generateGeodes>false</generateGeodes>
            <biomeIds>minecraft:mutated_savanna;30,byg:bsavannacanopy;3,byg:bbayou;4,minecraft:mutated_desert;30,midnight:vigilant_forest;30</biomeIds>
        </planet>
        <planet DIMID="41" name="Wolf 12 41">
            <isKnown>false</isKnown>
            <fogColor>1.0,1.0,1.0</fogColor>
            <skyColor>0.39042306,0.92873514,1.0</skyColor>
            <gravitationalMultiplier>130</gravitationalMultiplier>
            <orbitalDistance>45</orbitalDistance>
            <orbitalTheta>116</orbitalTheta>
            <orbitalPhi>-446</orbitalPhi>
            <retrograde>false</retrograde>
            <avgTemperature>45</avgTemperature>
            <rotationalPeriod>10923</rotationalPeriod>
            <atmosphereDensity>125</atmosphereDensity>
            <generateCraters>false</generateCraters>
            <generateCaves>false</generateCaves>
            <generateVolcanos>false</generateVolcanos>
            <generateStructures>false</generateStructures>
            <generateGeodes>false</generateGeodes>
            <biomeIds>byg:bmangrovemarshes;4,mahoutsukai:realitymarble;0,nuclearcraft:nuclear_wasteland;5,byg:bglaciers;3,byg:boutback;3</biomeIds>
            <planet DIMID="42" name="Wolf 12 41: 0">
                <isKnown>false</isKnown>
                <fogColor>1.0,1.0,1.0</fogColor>
                <skyColor>0.3516643,0.9587529,1.0</skyColor>
                <gravitationalMultiplier>61</gravitationalMultiplier>
                <orbitalDistance>155</orbitalDistance>
                <orbitalTheta>315</orbitalTheta>
                <orbitalPhi>-284</orbitalPhi>
                <retrograde>false</retrograde>
                <avgTemperature>20</avgTemperature>
                <rotationalPeriod>105735</rotationalPeriod>
                <atmosphereDensity>21</atmosphereDensity>
                <generateCraters>true</generateCraters>
                <generateCaves>false</generateCaves>
                <generateVolcanos>false</generateVolcanos>
                <generateStructures>false</generateStructures>
                <generateGeodes>false</generateGeodes>
                <seaLevel>67</seaLevel>
                <biomeIds>advancedrocketry:moon;30,advancedrocketry:moondark;30</biomeIds>
            </planet>
            <planet DIMID="43" name="Wolf 12 41: 1">
                <isKnown>false</isKnown>
                <fogColor>1.0,1.0,1.0</fogColor>
                <skyColor>0.35457134,0.50956875,1.0</skyColor>
                <gravitationalMultiplier>54</gravitationalMultiplier>
                <orbitalDistance>124</orbitalDistance>
                <orbitalTheta>2</orbitalTheta>
                <orbitalPhi>-191</orbitalPhi>
                <retrograde>false</retrograde>
                <avgTemperature>22</avgTemperature>
                <rotationalPeriod>152415</rotationalPeriod>
                <atmosphereDensity>28</atmosphereDensity>
                <generateCraters>true</generateCraters>
                <generateCaves>false</generateCaves>
                <generateVolcanos>false</generateVolcanos>
                <generateStructures>false</generateStructures>
                <generateGeodes>false</generateGeodes>
                <biomeIds>advancedrocketry:volcanicbarren;30,byg:bsnowyevergeentaiga;3,byg:btropical_islands;4,advancedrocketry:oceanspires;30,minecraft:smaller_extreme_hills;30</biomeIds>
            </planet>
        </planet>
    </star>
    <star blackHole="false" name="Epsilon ire" numGasGiants="0" numPlanets="0" size="1.0" temp="170" x="-200" y="80">
        <planet DIMID="49" name="Epsilon ire 49">
            <isKnown>false</isKnown>
            <fogColor>1.0,1.0,1.0</fogColor>
            <skyColor>0.8,0.955956,0.0</skyColor>
            <gravitationalMultiplier>112</gravitationalMultiplier>
            <orbitalDistance>81</orbitalDistance>
            <orbitalTheta>43</orbitalTheta>
            <orbitalPhi>-442</orbitalPhi>
            <retrograde>false</retrograde>
            <avgTemperature>600</avgTemperature>
            <rotationalPeriod>16855</rotationalPeriod>
            <atmosphereDensity>149</atmosphereDensity>
            <generateCraters>false</generateCraters>
            <generateCaves>false</generateCaves>
            <generateVolcanos>true</generateVolcanos>
            <generateStructures>false</generateStructures>
            <generateGeodes>true</generateGeodes>
            <seaLevel>47</seaLevel>
            <biomeIds>minecraft:mutated_jungle;30,byg:btropicalmountains;3,byg:bdeadsea;2,minecraft:mutated_jungle_edge;30,minecraft:ocean;30</biomeIds>
            <oceanBlock>minecraft:lava</oceanBlock>
        </planet>
        <planet DIMID="50" name="Epsilon ire 50">
            <isKnown>false</isKnown>
            <fogColor>1.0,1.0,1.0</fogColor>
            <skyColor>0.8,0.97210956,0.0</skyColor>
            <gravitationalMultiplier>130</gravitationalMultiplier>
            <orbitalDistance>34</orbitalDistance>
            <orbitalTheta>188</orbitalTheta>
            <orbitalPhi>-66</orbitalPhi>
            <retrograde>false</retrograde>
            <avgTemperature>764</avgTemperature>
            <rotationalPeriod>10923</rotationalPeriod>
            <atmosphereDensity>69</atmosphereDensity>
            <generateCraters>true</generateCraters>
            <generateCaves>false</generateCaves>
            <generateVolcanos>true</generateVolcanos>
            <generateStructures>false</generateStructures>
            <generateGeodes>false</generateGeodes>
            <seaLevel>44</seaLevel>
            <biomeIds>minecraft:mutated_mesa_clear_rock;30,byg:bbaobabsavanna;3,minecraft:savanna;30,tardis:farmlands;30,byg:bcolored_canyons;3</biomeIds>
            <planet DIMID="51" name="Epsilon ire 50: 0">
                <isKnown>false</isKnown>
                <fogColor>1.0,1.0,1.0</fogColor>
                <skyColor>0.8,0.5371666,0.3040669</skyColor>
                <gravitationalMultiplier>84</gravitationalMultiplier>
                <orbitalDistance>118</orbitalDistance>
                <orbitalTheta>105</orbitalTheta>
                <orbitalPhi>-208</orbitalPhi>
                <retrograde>false</retrograde>
                <avgTemperature>400</avgTemperature>
                <rotationalPeriod>40492</rotationalPeriod>
                <atmosphereDensity>36</atmosphereDensity>
                <generateCraters>true</generateCraters>
                <generateCaves>false</generateCaves>
                <generateVolcanos>false</generateVolcanos>
                <generateStructures>false</generateStructures>
                <generateGeodes>false</generateGeodes>
                <biomeIds>byg:balps;4,minecraft:mutated_extreme_hills;30,byg:bsnowyevergeentaiga;3,byg:bfrostyforest;3,byg:bdeadsea;2</biomeIds>
            </planet>
            <oceanBlock>minecraft:lava</oceanBlock>
        </planet>
        <planet DIMID="52" name="Epsilon ire 52">
            <isKnown>false</isKnown>
            <fogColor>1.0,1.0,1.0</fogColor>
            <skyColor>0.8,0.64736575,0.22336227</skyColor>
            <gravitationalMultiplier>87</gravitationalMultiplier>
            <orbitalDistance>117</orbitalDistance>
            <orbitalTheta>119</orbitalTheta>
            <orbitalPhi>-35</orbitalPhi>
            <retrograde>false</retrograde>
            <avgTemperature>413</avgTemperature>
            <rotationalPeriod>35825</rotationalPeriod>
            <atmosphereDensity>70</atmosphereDensity>
            <generateCraters>true</generateCraters>
            <generateCaves>false</generateCaves>
            <generateVolcanos>false</generateVolcanos>
            <generateStructures>false</generateStructures>
            <generateGeodes>false</generateGeodes>
            <biomeIds>thaumcraft:magical_forest;5,byg:bsnowyconiferousforest;4,byg:balliumfields;3,byg:bcherrygrove;4,advancedrocketry:crystalchasms;30</biomeIds>
        </planet>
        <planet DIMID="53" name="Epsilon ire 53">
            <isKnown>false</isKnown>
            <fogColor>1.0,1.0,1.0</fogColor>
            <skyColor>0.8,0.8539469,0.01586759</skyColor>
            <gravitationalMultiplier>95</gravitationalMultiplier>
            <orbitalDistance>150</orbitalDistance>
            <orbitalTheta>332</orbitalTheta>
            <orbitalPhi>16</orbitalPhi>
            <retrograde>false</retrograde>
            <avgTemperature>478</avgTemperature>
            <rotationalPeriod>27555</rotationalPeriod>
            <atmosphereDensity>205</atmosphereDensity>
            <generateCraters>false</generateCraters>
            <generateCaves>false</generateCaves>
            <generateVolcanos>true</generateVolcanos>
            <generateStructures>false</generateStructures>
            <generateGeodes>true</generateGeodes>
            <biomeIds>tardis:redlands;30,minecraft:mutated_jungle;30,minecraft:jungle_hills;30,minecraft:mutated_mesa_clear_rock;30,advancedrocketry:oceanspires;30</biomeIds>
            <oceanBlock>minecraft:lava</oceanBlock>
        </planet>
        <planet DIMID="44" name="Epsilon ire 44">
            <isKnown>false</isKnown>
            <fogColor>1.0,1.0,1.0</fogColor>
            <skyColor>0.8,0.74457437,0.0</skyColor>
            <gravitationalMultiplier>130</gravitationalMultiplier>
            <orbitalDistance>21</orbitalDistance>
            <orbitalTheta>342</orbitalTheta>
            <orbitalPhi>159</orbitalPhi>
            <retrograde>false</retrograde>
            <avgTemperature>1183</avgTemperature>
            <rotationalPeriod>10923</rotationalPeriod>
            <atmosphereDensity>151</atmosphereDensity>
            <generateCraters>false</generateCraters>
            <generateCaves>false</generateCaves>
            <generateVolcanos>true</generateVolcanos>
            <generateStructures>false</generateStructures>
            <generateGeodes>true</generateGeodes>
            <seaLevel>50</seaLevel>
            <biomeIds>byg:btropicalrainforest;4,byg:bdunes;4,minecraft:mutated_mesa_rock;30,minecraft:mutated_desert;30,byg:bbaobabsavanna;3</biomeIds>
            <planet DIMID="45" name="Epsilon ire 44: 0">
                <isKnown>false</isKnown>
                <fogColor>1.0,1.0,1.0</fogColor>
                <skyColor>0.8,0.93297344,0.48927206</skyColor>
                <gravitationalMultiplier>42</gravitationalMultiplier>
                <orbitalDistance>143</orbitalDistance>
                <orbitalTheta>294</orbitalTheta>
                <orbitalPhi>-65</orbitalPhi>
                <retrograde>false</retrograde>
                <avgTemperature>363</avgTemperature>
                <rotationalPeriod>323939</rotationalPeriod>
                <atmosphereDensity>30</atmosphereDensity>
                <generateCraters>true</generateCraters>
                <generateCaves>false</generateCaves>
                <generateVolcanos>false</generateVolcanos>
                <generateStructures>false</generateStructures>
                <generateGeodes>false</generateGeodes>
                <biomeIds>minecraft:extreme_hills_with_trees;30,minecraft:mutated_forest;30,minecraft:mutated_swampland;30,byg:bshrublands;3,midnight:crystal_spires;30</biomeIds>
            </planet>
            <oceanBlock>minecraft:lava</oceanBlock>
        </planet>
        <planet DIMID="46" name="Epsilon ire 46">
            <isKnown>false</isKnown>
            <fogColor>1.0,1.0,1.0</fogColor>
            <skyColor>0.8,0.5393771,0.17581081</skyColor>
            <gravitationalMultiplier>116</gravitationalMultiplier>
            <orbitalDistance>125</orbitalDistance>
            <orbitalTheta>36</orbitalTheta>
            <orbitalPhi>75</orbitalPhi>
            <retrograde>false</retrograde>
            <avgTemperature>453</avgTemperature>
            <rotationalPeriod>15178</rotationalPeriod>
            <atmosphereDensity>115</atmosphereDensity>
            <generateCraters>false</generateCraters>
            <generateCaves>false</generateCaves>
            <generateVolcanos>true</generateVolcanos>
            <generateStructures>false</generateStructures>
            <generateGeodes>false</generateGeodes>
            <biomeIds>minecraft:ocean;30,byg:bsonorandesert;3,minecraft:mutated_jungle;30,byg:bcrystal_canyons;2,byg:bdunes;4</biomeIds>
            <oceanBlock>minecraft:lava</oceanBlock>
        </planet>
        <planet DIMID="47" name="Epsilon ire 47">
            <isKnown>false</isKnown>
            <fogColor>1.0,1.0,1.0</fogColor>
            <skyColor>0.8,0.9579082,0.429556</skyColor>
            <gravitationalMultiplier>130</gravitationalMultiplier>
            <orbitalDistance>152</orbitalDistance>
            <orbitalTheta>303</orbitalTheta>
            <orbitalPhi>-15</orbitalPhi>
            <retrograde>false</retrograde>
            <avgTemperature>352</avgTemperature>
            <rotationalPeriod>10923</rotationalPeriod>
            <atmosphereDensity>56</atmosphereDensity>
            <generateCraters>true</generateCraters>
            <generateCaves>false</generateCaves>
            <generateVolcanos>false</generateVolcanos>
            <generateStructures>false</generateStructures>
            <generateGeodes>false</generateGeodes>
            <biomeIds>minecraft:mesa_rock;30,minecraft:savanna;30,minecraft:mutated_savanna;30,midnight:vigilant_forest;30,byg:bsnowyconiferousforest;4</biomeIds>
            <planet DIMID="48" name="Epsilon ire 47: 0">
                <isKnown>false</isKnown>
                <fogColor>1.0,1.0,1.0</fogColor>
                <skyColor>0.8,0.75582093,0.56959885</skyColor>
                <gravitationalMultiplier>46</gravitationalMultiplier>
                <orbitalDistance>179</orbitalDistance>
                <orbitalTheta>280</orbitalTheta>
                <orbitalPhi>-27</orbitalPhi>
                <retrograde>false</retrograde>
                <avgTemperature>325</avgTemperature>
                <rotationalPeriod>246568</rotationalPeriod>
                <atmosphereDensity>15</atmosphereDensity>
                <generateCraters>true</generateCraters>
                <generateCaves>false</generateCaves>
                <generateVolcanos>false</generateVolcanos>
                <generateStructures>false</generateStructures>
                <generateGeodes>false</generateGeodes>
                <biomeIds>advancedrocketry:moon;30,advancedrocketry:moondark;30</biomeIds>
            </planet>
        </planet>
    </star>
    <star blackHole="false" name="Proxima Centaurs" numGasGiants="0" numPlanets="0" size="1.0" temp="200" x="-150" y="250">
        <planet DIMID="54" name="Proxima Centaurs 54">
            <isKnown>false</isKnown>
            <fogColor>1.0,1.0,1.0</fogColor>
            <skyColor>0.8,0.832399,0.0</skyColor>
            <gravitationalMultiplier>130</gravitationalMultiplier>
            <orbitalDistance>13</orbitalDistance>
            <orbitalTheta>162</orbitalTheta>
            <orbitalPhi>-201</orbitalPhi>
            <retrograde>false</retrograde>
            <avgTemperature>1698</avgTemperature>
            <rotationalPeriod>10923</rotationalPeriod>
            <atmosphereDensity>128</atmosphereDensity>
            <generateCraters>false</generateCraters>
            <generateCaves>false</generateCaves>
            <generateVolcanos>true</generateVolcanos>
            <generateStructures>false</generateStructures>
            <generateGeodes>true</generateGeodes>
            <biomeIds>minecraft:mutated_savanna;30,mahoutsukai:realitymarble;0,minecraft:frozen_ocean;30,minecraft:deep_ocean;30,byg:bred_outlands;4</biomeIds>
            <planet DIMID="55" name="Proxima Centaurs 54: 0">
                <isKnown>false</isKnown>
                <fogColor>1.0,1.0,1.0</fogColor>
                <skyColor>0.8,0.673049,0.0</skyColor>
                <gravitationalMultiplier>52</gravitationalMultiplier>
                <orbitalDistance>104</orbitalDistance>
                <orbitalTheta>267</orbitalTheta>
                <orbitalPhi>-341</orbitalPhi>
                <retrograde>false</retrograde>
                <avgTemperature>501</avgTemperature>
                <rotationalPeriod>161206</rotationalPeriod>
                <atmosphereDensity>18</atmosphereDensity>
                <generateCraters>true</generateCraters>
                <generateCaves>false</generateCaves>
                <generateVolcanos>true</generateVolcanos>
                <generateStructures>false</generateStructures>
                <generateGeodes>false</generateGeodes>
                <biomeIds>advancedrocketry:moon;30,advancedrocketry:moondark;30</biomeIds>
                <oceanBlock>minecraft:lava</oceanBlock>
            </planet>
            <oceanBlock>minecraft:lava</oceanBlock>
        </planet>
        <planet DIMID="56" name="Proxima Centaurs 56">
            <isKnown>false</isKnown>
            <fogColor>1.0,1.0,1.0</fogColor>
            <skyColor>0.8,0.72308683,0.0</skyColor>
            <gravitationalMultiplier>122</gravitationalMultiplier>
            <orbitalDistance>83</orbitalDistance>
            <orbitalTheta>17</orbitalTheta>
            <orbitalPhi>422</orbitalPhi>
            <retrograde>false</retrograde>
            <avgTemperature>618</avgTemperature>
            <rotationalPeriod>13055</rotationalPeriod>
            <atmosphereDensity>92</atmosphereDensity>
            <generateCraters>false</generateCraters>
            <generateCaves>false</generateCaves>
            <generateVolcanos>true</generateVolcanos>
            <generateStructures>false</generateStructures>
            <generateGeodes>false</generateGeodes>
            <biomeIds>minecraft:mutated_mesa;30,minecraft:ocean;30,byg:bsavannacanopy;3,minecraft:mutated_mesa_rock;30,byg:boutback;3</biomeIds>
            <planet DIMID="57" name="Proxima Centaurs 56: 0">
                <isKnown>false</isKnown>
                <fogColor>1.0,1.0,1.0</fogColor>
                <skyColor>0.8,0.5997007,0.27821553</skyColor>
                <gravitationalMultiplier>47</gravitationalMultiplier>
                <orbitalDistance>151</orbitalDistance>
                <orbitalTheta>351</orbitalTheta>
                <orbitalPhi>41</orbitalPhi>
                <retrograde>false</retrograde>
                <avgTemperature>416</avgTemperature>
                <rotationalPeriod>231162</rotationalPeriod>
                <atmosphereDensity>21</atmosphereDensity>
                <generateCraters>true</generateCraters>
                <generateCaves>false</generateCaves>
                <generateVolcanos>false</generateVolcanos>
                <generateStructures>false</generateStructures>
                <generateGeodes>false</generateGeodes>
                <biomeIds>advancedrocketry:moon;30,advancedrocketry:moondark;30</biomeIds>
            </planet>
            <oceanBlock>minecraft:lava</oceanBlock>
        </planet>
        <planet DIMID="58" name="Proxima Centaurs 58">
            <isKnown>false</isKnown>
            <fogColor>1.0,1.0,1.0</fogColor>
            <skyColor>0.8,0.5677983,0.17098826</skyColor>
            <gravitationalMultiplier>130</gravitationalMultiplier>
            <orbitalDistance>128</orbitalDistance>
            <orbitalTheta>24</orbitalTheta>
            <orbitalPhi>-206</orbitalPhi>
            <retrograde>false</retrograde>
            <avgTemperature>452</avgTemperature>
            <rotationalPeriod>10923</rotationalPeriod>
            <atmosphereDensity>0</atmosphereDensity>
            <generateCraters>true</generateCraters>
            <generateCaves>false</generateCaves>
            <generateVolcanos>true</generateVolcanos>
            <generateStructures>false</generateStructures>
            <generateGeodes>false</generateGeodes>
            <seaLevel>72</seaLevel>
            <biomeIds>advancedrocketry:moon;30,advancedrocketry:moondark;30</biomeIds>
            <planet DIMID="59" name="Proxima Centaurs 58: 0">
                <isKnown>false</isKnown>
                <fogColor>1.0,1.0,1.0</fogColor>
                <skyColor>0.8,0.9927226,0.13508976</skyColor>
                <gravitationalMultiplier>48</gravitationalMultiplier>
                <orbitalDistance>134</orbitalDistance>
                <orbitalTheta>119</orbitalTheta>
                <orbitalPhi>-127</orbitalPhi>
                <retrograde>false</retrograde>
                <avgTemperature>442</avgTemperature>
                <rotationalPeriod>217013</rotationalPeriod>
                <atmosphereDensity>28</atmosphereDensity>
                <generateCraters>true</generateCraters>
                <generateCaves>false</generateCaves>
                <generateVolcanos>false</generateVolcanos>
                <generateStructures>false</generateStructures>
                <generateGeodes>false</generateGeodes>
                <biomeIds>advancedrocketry:volcanicbarren;30</biomeIds>
            </planet>
            <planet DIMID="60" name="Proxima Centaurs 58: 1">
                <isKnown>false</isKnown>
                <fogColor>1.0,1.0,1.0</fogColor>
                <skyColor>0.8,0.6889312,0.1881392</skyColor>
                <gravitationalMultiplier>84</gravitationalMultiplier>
                <orbitalDistance>141</orbitalDistance>
                <orbitalTheta>270</orbitalTheta>
                <orbitalPhi>-32</orbitalPhi>
                <retrograde>false</retrograde>
                <avgTemperature>430</avgTemperature>
                <rotationalPeriod>40492</rotationalPeriod>
                <atmosphereDensity>25</atmosphereDensity>
                <generateCraters>true</generateCraters>
                <generateCaves>false</generateCaves>
                <generateVolcanos>false</generateVolcanos>
                <generateStructures>false</generateStructures>
                <generateGeodes>false</generateGeodes>
                <biomeIds>advancedrocketry:moon;30,advancedrocketry:moondark;30</biomeIds>
            </planet>
            <planet DIMID="61" name="Proxima Centaurs 58: 2">
                <isKnown>false</isKnown>
                <fogColor>1.0,1.0,1.0</fogColor>
                <skyColor>0.8,0.5450301,0.2444427</skyColor>
                <gravitationalMultiplier>40</gravitationalMultiplier>
                <orbitalDistance>156</orbitalDistance>
                <orbitalTheta>96</orbitalTheta>
                <orbitalPhi>-317</orbitalPhi>
                <retrograde>false</retrograde>
                <avgTemperature>409</avgTemperature>
                <rotationalPeriod>375000</rotationalPeriod>
                <atmosphereDensity>23</atmosphereDensity>
                <generateCraters>true</generateCraters>
                <generateCaves>false</generateCaves>
                <generateVolcanos>false</generateVolcanos>
                <generateStructures>false</generateStructures>
                <generateGeodes>false</generateGeodes>
                <biomeIds>advancedrocketry:moon;30,advancedrocketry:moondark;30</biomeIds>
            </planet>
            <oceanBlock>minecraft:lava</oceanBlock>
        </planet>
    </star>
    <star blackHole="false" name="Magnis Vulpes" numGasGiants="0" numPlanets="0" size="1.0" temp="70" x="-150" y="-250">
        <planet DIMID="64" name="Magnis Vulpes 64">
            <isKnown>false</isKnown>
            <fogColor>1.0,1.0,1.0</fogColor>
            <skyColor>0.75880396,0.664821,1.0</skyColor>
            <gravitationalMultiplier>99</gravitationalMultiplier>
            <orbitalDistance>160</orbitalDistance>
            <orbitalTheta>68</orbitalTheta>
            <orbitalPhi>-269</orbitalPhi>
            <retrograde>false</retrograde>
            <avgTemperature>141</avgTemperature>
            <rotationalPeriod>24363</rotationalPeriod>
            <atmosphereDensity>63</atmosphereDensity>
            <generateCraters>true</generateCraters>
            <generateCaves>false</generateCaves>
            <generateVolcanos>false</generateVolcanos>
            <generateStructures>false</generateStructures>
            <generateGeodes>false</generateGeodes>
            <biomeIds>minecraft:mushroom_island_shore;30,byg:bdeciduousforest;4,byg:boutback;3,byg:bdunes;4,tardis:redlands;30</biomeIds>
        </planet>
        <planet DIMID="62" name="Magnis Vulpes 62">
            <isKnown>false</isKnown>
            <fogColor>1.0,1.0,1.0</fogColor>
            <skyColor>0.8,0.6103833,0.67684114</skyColor>
            <gravitationalMultiplier>130</gravitationalMultiplier>
            <orbitalDistance>75</orbitalDistance>
            <orbitalTheta>149</orbitalTheta>
            <orbitalPhi>-27</orbitalPhi>
            <retrograde>false</retrograde>
            <avgTemperature>278</avgTemperature>
            <rotationalPeriod>10923</rotationalPeriod>
            <atmosphereDensity>206</atmosphereDensity>
            <generateCraters>false</generateCraters>
            <generateCaves>false</generateCaves>
            <generateVolcanos>false</generateVolcanos>
            <generateStructures>false</generateStructures>
            <generateGeodes>true</generateGeodes>
            <biomeIds>midnight:obscured_peaks;30,byg:bskyrishighlands;2,minecraft:mutated_forest;30,minecraft:mesa_rock;30,byg:bprairie;4,advancedrocketry:deepswamp;30,advancedrocketry:stormland;30</biomeIds>
            <planet DIMID="63" name="Magnis Vulpes 62: 0">
                <isKnown>false</isKnown>
                <fogColor>1.0,1.0,1.0</fogColor>
                <skyColor>0.67968273,0.893093,1.0</skyColor>
                <gravitationalMultiplier>45</gravitationalMultiplier>
                <orbitalDistance>156</orbitalDistance>
                <orbitalTheta>145</orbitalTheta>
                <orbitalPhi>-80</orbitalPhi>
                <retrograde>false</retrograde>
                <avgTemperature>143</avgTemperature>
                <rotationalPeriod>263374</rotationalPeriod>
                <atmosphereDensity>14</atmosphereDensity>
                <generateCraters>true</generateCraters>
                <generateCaves>false</generateCaves>
                <generateVolcanos>false</generateVolcanos>
                <generateStructures>false</generateStructures>
                <generateGeodes>false</generateGeodes>
                <biomeIds>advancedrocketry:moon;30,advancedrocketry:moondark;30</biomeIds>
            </planet>
        </planet>
    </star>
    <star blackHole="false" name="Ma-Roo" numGasGiants="0" numPlanets="0" size="1.0" temp="200" x="50" y="-250">
        <planet DIMID="65" name="Ma-Roo 65">
            <isKnown>false</isKnown>
            <fogColor>1.0,1.0,1.0</fogColor>
            <skyColor>0.8,0.647396,0.0</skyColor>
            <gravitationalMultiplier>130</gravitationalMultiplier>
            <orbitalDistance>43</orbitalDistance>
            <orbitalTheta>184</orbitalTheta>
            <orbitalPhi>-291</orbitalPhi>
            <retrograde>false</retrograde>
            <avgTemperature>1006</avgTemperature>
            <rotationalPeriod>10923</rotationalPeriod>
            <atmosphereDensity>173</atmosphereDensity>
            <generateCraters>false</generateCraters>
            <generateCaves>false</generateCaves>
            <generateVolcanos>true</generateVolcanos>
            <generateStructures>false</generateStructures>
            <generateGeodes>true</generateGeodes>
            <biomeIds>minecraft:savanna;30,advancedrocketry:oceanspires;30,byg:bdeadsea;2,minecraft:mutated_mesa;30,byg:bsavannacanopy;3</biomeIds>
            <planet DIMID="66" name="Ma-Roo 65: 0">
                <isKnown>false</isKnown>
                <fogColor>1.0,1.0,1.0</fogColor>
                <skyColor>0.8,0.8942187,0.40551698</skyColor>
                <gravitationalMultiplier>68</gravitationalMultiplier>
                <orbitalDistance>196</orbitalDistance>
                <orbitalTheta>164</orbitalTheta>
                <orbitalPhi>150</orbitalPhi>
                <retrograde>false</retrograde>
                <avgTemperature>365</avgTemperature>
                <rotationalPeriod>76328</rotationalPeriod>
                <atmosphereDensity>36</atmosphereDensity>
                <generateCraters>true</generateCraters>
                <generateCaves>false</generateCaves>
                <generateVolcanos>false</generateVolcanos>
                <generateStructures>false</generateStructures>
                <generateGeodes>false</generateGeodes>
                <biomeIds>byg:bbaobabsavanna;3,byg:bsonorandesert;3,byg:bwhisperingwoods;2,byg:bsavannacanopy;3,byg:btropicalrainforest;4</biomeIds>
            </planet>
            <oceanBlock>minecraft:lava</oceanBlock>
        </planet>
        <planet DIMID="67" name="Ma-Roo 67">
            <isKnown>false</isKnown>
            <fogColor>1.0,1.0,1.0</fogColor>
            <skyColor>0.8,0.5381651,0.0</skyColor>
            <gravitationalMultiplier>103</gravitationalMultiplier>
            <orbitalDistance>117</orbitalDistance>
            <orbitalTheta>163</orbitalTheta>
            <orbitalPhi>-47</orbitalPhi>
            <retrograde>false</retrograde>
            <avgTemperature>577</avgTemperature>
            <rotationalPeriod>21646</rotationalPeriod>
            <atmosphereDensity>139</atmosphereDensity>
            <generateCraters>false</generateCraters>
            <generateCaves>false</generateCaves>
            <generateVolcanos>true</generateVolcanos>
            <generateStructures>false</generateStructures>
            <generateGeodes>true</generateGeodes>
            <biomeIds>minecraft:savanna;30,byg:bred_outlands;4,advancedrocketry:volcanicbarren;30,byg:bbaobabsavanna;3,minecraft:frozen_ocean;30</biomeIds>
            <planet DIMID="68" name="Ma-Roo 67: 0">
                <isKnown>false</isKnown>
                <fogColor>1.0,1.0,1.0</fogColor>
                <skyColor>0.8,0.78967786,0.10447723</skyColor>
                <gravitationalMultiplier>66</gravitationalMultiplier>
                <orbitalDistance>118</orbitalDistance>
                <orbitalTheta>211</orbitalTheta>
                <orbitalPhi>-274</orbitalPhi>
                <retrograde>false</retrograde>
                <avgTemperature>471</avgTemperature>
                <rotationalPeriod>83479</rotationalPeriod>
                <atmosphereDensity>21</atmosphereDensity>
                <generateCraters>true</generateCraters>
                <generateCaves>false</generateCaves>
                <generateVolcanos>true</generateVolcanos>
                <generateStructures>false</generateStructures>
                <generateGeodes>false</generateGeodes>
                <biomeIds>advancedrocketry:moon;30,advancedrocketry:moondark;30</biomeIds>
                <oceanBlock>minecraft:lava</oceanBlock>
            </planet>
            <planet DIMID="69" name="Ma-Roo 67: 1">
                <isKnown>false</isKnown>
                <fogColor>1.0,1.0,1.0</fogColor>
                <skyColor>0.8,0.66354364,0.1115095</skyColor>
                <gravitationalMultiplier>58</gravitationalMultiplier>
                <orbitalDistance>129</orbitalDistance>
                <orbitalTheta>66</orbitalTheta>
                <orbitalPhi>-423</orbitalPhi>
                <retrograde>false</retrograde>
                <avgTemperature>450</avgTemperature>
                <rotationalPeriod>123006</rotationalPeriod>
                <atmosphereDensity>21</atmosphereDensity>
                <generateCraters>true</generateCraters>
                <generateCaves>false</generateCaves>
                <generateVolcanos>false</generateVolcanos>
                <generateStructures>false</generateStructures>
                <generateGeodes>false</generateGeodes>
                <biomeIds>advancedrocketry:moon;30,advancedrocketry:moondark;30</biomeIds>
            </planet>
            <oceanBlock>minecraft:lava</oceanBlock>
        </planet>
        <planet DIMID="70" name="Ma-Roo 70">
            <isKnown>false</isKnown>
            <fogColor>1.0,1.0,1.0</fogColor>
            <skyColor>0.8,0.71797156,0.033694446</skyColor>
            <gravitationalMultiplier>96</gravitationalMultiplier>
            <orbitalDistance>118</orbitalDistance>
            <orbitalTheta>249</orbitalTheta>
            <orbitalPhi>-180</orbitalPhi>
            <retrograde>false</retrograde>
            <avgTemperature>471</avgTemperature>
            <rotationalPeriod>26707</rotationalPeriod>
            <atmosphereDensity>0</atmosphereDensity>
            <generateCraters>true</generateCraters>
            <generateCaves>false</generateCaves>
            <generateVolcanos>true</generateVolcanos>
            <generateStructures>false</generateStructures>
            <generateGeodes>false</generateGeodes>
            <biomeIds>advancedrocketry:moon;30,advancedrocketry:moondark;30</biomeIds>
            <oceanBlock>minecraft:lava</oceanBlock>
        </planet>
        <planet DIMID="71" name="Ma-Roo 71">
            <isKnown>false</isKnown>
            <fogColor>1.0,1.0,1.0</fogColor>
            <skyColor>0.8,0.7153721,0.0</skyColor>
            <gravitationalMultiplier>130</gravitationalMultiplier>
            <orbitalDistance>90</orbitalDistance>
            <orbitalTheta>210</orbitalTheta>
            <orbitalPhi>-106</orbitalPhi>
            <retrograde>false</retrograde>
            <avgTemperature>647</avgTemperature>
            <rotationalPeriod>10923</rotationalPeriod>
            <atmosphereDensity>130</atmosphereDensity>
            <generateCraters>false</generateCraters>
            <generateCaves>false</generateCaves>
            <generateVolcanos>true</generateVolcanos>
            <generateStructures>false</generateStructures>
            <generateGeodes>true</generateGeodes>
            <biomeIds>byg:bsonorandesert;3,minecraft:deep_ocean;30,advancedrocketry:oceanspires;30,byg:boutlands;4,byg:btropicalrainforest;4</biomeIds>
            <oceanBlock>minecraft:lava</oceanBlock>
        </planet>
        <planet DIMID="72" name="Ma-Roo 72">
            <isKnown>false</isKnown>
            <fogColor>1.0,1.0,1.0</fogColor>
            <skyColor>0.8,0.88099337,0.0</skyColor>
            <gravitationalMultiplier>130</gravitationalMultiplier>
            <orbitalDistance>17</orbitalDistance>
            <orbitalTheta>49</orbitalTheta>
            <orbitalPhi>-121</orbitalPhi>
            <retrograde>false</retrograde>
            <avgTemperature>1371</avgTemperature>
            <rotationalPeriod>10923</rotationalPeriod>
            <atmosphereDensity>93</atmosphereDensity>
            <generateCraters>false</generateCraters>
            <generateCaves>false</generateCaves>
            <generateVolcanos>true</generateVolcanos>
            <generateStructures>false</generateStructures>
            <generateGeodes>false</generateGeodes>
            <biomeIds>tardis:farmlands;30,minecraft:mutated_mesa;30,byg:bdeadsea;2,byg:bfungaljungle;3,minecraft:mutated_desert;30</biomeIds>
            <oceanBlock>minecraft:lava</oceanBlock>
        </planet>
        <planet DIMID="73" name="Ma-Roo 73">
            <isKnown>false</isKnown>
            <fogColor>1.0,1.0,1.0</fogColor>
            <skyColor>0.8,0.7089715,0.22659272</skyColor>
            <gravitationalMultiplier>130</gravitationalMultiplier>
            <orbitalDistance>144</orbitalDistance>
            <orbitalTheta>201</orbitalTheta>
            <orbitalPhi>-100</orbitalPhi>
            <retrograde>false</retrograde>
            <avgTemperature>426</avgTemperature>
            <rotationalPeriod>10923</rotationalPeriod>
            <atmosphereDensity>38</atmosphereDensity>
            <generateCraters>true</generateCraters>
            <generateCaves>false</generateCaves>
            <generateVolcanos>false</generateVolcanos>
            <generateStructures>false</generateStructures>
            <generateGeodes>false</generateGeodes>
            <biomeIds>minecraft:mutated_jungle;30,byg:bdeadsea;2,midnight:phantasmal_valley;30,byg:borchard;4,minecraft:forest_hills;30</biomeIds>
            <planet DIMID="74" name="Ma-Roo 73: 0">
                <isKnown>false</isKnown>
                <fogColor>1.0,1.0,1.0</fogColor>
                <skyColor>0.8,0.76042295,0.3967594</skyColor>
                <gravitationalMultiplier>52</gravitationalMultiplier>
                <orbitalDistance>179</orbitalDistance>
                <orbitalTheta>319</orbitalTheta>
                <orbitalPhi>-283</orbitalPhi>
                <retrograde>false</retrograde>
                <avgTemperature>382</avgTemperature>
                <rotationalPeriod>161206</rotationalPeriod>
                <atmosphereDensity>34</atmosphereDensity>
                <generateCraters>true</generateCraters>
                <generateCaves>false</generateCaves>
                <generateVolcanos>false</generateVolcanos>
                <generateStructures>false</generateStructures>
                <generateGeodes>false</generateGeodes>
                <biomeIds>minecraft:mutated_jungle_edge;30,thaumcraft:eldritch;30,byg:bwoodlands;4,minecraft:mutated_desert;30,byg:blushdesert;4</biomeIds>
            </planet>
            <planet DIMID="75" name="Ma-Roo 73: 1">
                <isKnown>false</isKnown>
                <fogColor>1.0,1.0,1.0</fogColor>
                <skyColor>0.8,0.71683276,0.22881448</skyColor>
                <gravitationalMultiplier>44</gravitationalMultiplier>
                <orbitalDistance>137</orbitalDistance>
                <orbitalTheta>114</orbitalTheta>
                <orbitalPhi>-37</orbitalPhi>
                <retrograde>false</retrograde>
                <avgTemperature>437</avgTemperature>
                <rotationalPeriod>281743</rotationalPeriod>
                <atmosphereDensity>13</atmosphereDensity>
                <generateCraters>true</generateCraters>
                <generateCaves>false</generateCaves>
                <generateVolcanos>false</generateVolcanos>
                <generateStructures>false</generateStructures>
                <generateGeodes>false</generateGeodes>
                <biomeIds>advancedrocketry:moon;30,advancedrocketry:moondark;30</biomeIds>
            </planet>
            <planet DIMID="76" name="Ma-Roo 73: 2">
                <isKnown>false</isKnown>
                <fogColor>1.0,1.0,1.0</fogColor>
                <skyColor>0.8,0.96026254,0.4660501</skyColor>
                <gravitationalMultiplier>55</gravitationalMultiplier>
                <orbitalDistance>192</orbitalDistance>
                <orbitalTheta>185</orbitalTheta>
                <orbitalPhi>-57</orbitalPhi>
                <retrograde>false</retrograde>
                <avgTemperature>369</avgTemperature>
                <rotationalPeriod>144252</rotationalPeriod>
                <atmosphereDensity>17</atmosphereDensity>
                <generateCraters>true</generateCraters>
                <generateCaves>false</generateCaves>
                <generateVolcanos>false</generateVolcanos>
                <generateStructures>false</generateStructures>
                <generateGeodes>false</generateGeodes>
                <biomeIds>advancedrocketry:moon;30,advancedrocketry:moondark;30</biomeIds>
            </planet>
        </planet>
    </star>
    <star blackHole="false" name="Alykitt" numGasGiants="0" numPlanets="0" size="1.0" temp="120" x="75" y="200">
        <planet DIMID="81" name="Alykitt 81">
            <isKnown>false</isKnown>
            <fogColor>1.0,1.0,1.0</fogColor>
            <skyColor>0.8,0.53224933,0.09737092</skyColor>
            <gravitationalMultiplier>105</gravitationalMultiplier>
            <orbitalDistance>76</orbitalDistance>
            <orbitalTheta>204</orbitalTheta>
            <orbitalPhi>87</orbitalPhi>
            <retrograde>false</retrograde>
            <avgTemperature>463</avgTemperature>
            <rotationalPeriod>20438</rotationalPeriod>
            <atmosphereDensity>187</atmosphereDensity>
            <generateCraters>false</generateCraters>
            <generateCaves>false</generateCaves>
            <generateVolcanos>true</generateVolcanos>
            <generateStructures>false</generateStructures>
            <generateGeodes>true</generateGeodes>
            <biomeIds>minecraft:ocean;30,minecraft:jungle;30,minecraft:desert;30,byg:bcolored_canyons;3,byg:bred_outlands;4</biomeIds>
            <planet DIMID="82" name="Alykitt 81: 0">
                <isKnown>false</isKnown>
                <fogColor>1.0,1.0,1.0</fogColor>
                <skyColor>0.8,0.5927386,0.6403047</skyColor>
                <gravitationalMultiplier>57</gravitationalMultiplier>
                <orbitalDistance>113</orbitalDistance>
                <orbitalTheta>143</orbitalTheta>
                <orbitalPhi>-98</orbitalPhi>
                <retrograde>false</retrograde>
                <avgTemperature>288</avgTemperature>
                <rotationalPeriod>129594</rotationalPeriod>
                <atmosphereDensity>15</atmosphereDensity>
                <generateCraters>true</generateCraters>
                <generateCaves>false</generateCaves>
                <generateVolcanos>false</generateVolcanos>
                <generateStructures>false</generateStructures>
                <generateGeodes>false</generateGeodes>
                <seaLevel>46</seaLevel>
                <biomeIds>advancedrocketry:moon;30,advancedrocketry:moondark;30</biomeIds>
            </planet>
            <oceanBlock>minecraft:lava</oceanBlock>
        </planet>
        <planet DIMID="83" name="Alykitt 83">
            <isKnown>false</isKnown>
            <fogColor>1.0,1.0,1.0</fogColor>
            <skyColor>0.8,0.5661036,0.40735173</skyColor>
            <gravitationalMultiplier>106</gravitationalMultiplier>
            <orbitalDistance>73</orbitalDistance>
            <orbitalTheta>20</orbitalTheta>
            <orbitalPhi>-67</orbitalPhi>
            <retrograde>false</retrograde>
            <avgTemperature>360</avgTemperature>
            <rotationalPeriod>19868</rotationalPeriod>
            <atmosphereDensity>63</atmosphereDensity>
            <generateCraters>true</generateCraters>
            <generateCaves>false</generateCaves>
            <generateVolcanos>false</generateVolcanos>
            <generateStructures>false</generateStructures>
            <generateGeodes>false</generateGeodes>
            <biomeIds>minecraft:mutated_mesa_rock;30,minecraft:mutated_desert;30,minecraft:mutated_extreme_hills;30,byg:bdeciduousforest;4,minecraft:mutated_redwood_taiga_hills;30</biomeIds>
        </planet>
        <planet DIMID="84" name="Alykitt 84">
            <isKnown>false</isKnown>
            <fogColor>1.0,1.0,1.0</fogColor>
            <skyColor>0.8,0.88065684,0.93082434</skyColor>
            <gravitationalMultiplier>124</gravitationalMultiplier>
            <orbitalDistance>213</orbitalDistance>
            <orbitalTheta>342</orbitalTheta>
            <orbitalPhi>-140</orbitalPhi>
            <retrograde>false</retrograde>
            <avgTemperature>210</avgTemperature>
            <rotationalPeriod>12436</rotationalPeriod>
            <atmosphereDensity>19</atmosphereDensity>
            <generateCraters>true</generateCraters>
            <generateCaves>false</generateCaves>
            <generateVolcanos>false</generateVolcanos>
            <generateStructures>false</generateStructures>
            <generateGeodes>false</generateGeodes>
            <biomeIds>advancedrocketry:moon;30,advancedrocketry:moondark;30</biomeIds>
        </planet>
        <planet DIMID="77" name="Alykitt 77">
            <isKnown>false</isKnown>
            <GasGiant>true</GasGiant>
            <gas>hydrogen</gas>
            <gas>helium</gas>
            <fogColor>1.0,1.0,1.0</fogColor>
            <skyColor>1.0,1.0,1.0</skyColor>
            <gravitationalMultiplier>130</gravitationalMultiplier>
            <orbitalDistance>230</orbitalDistance>
            <orbitalTheta>0</orbitalTheta>
            <orbitalPhi>0</orbitalPhi>
            <retrograde>false</retrograde>
            <avgTemperature>234</avgTemperature>
            <rotationalPeriod>24000</rotationalPeriod>
            <atmosphereDensity>112</atmosphereDensity>
            <generateCraters>false</generateCraters>
            <generateCaves>false</generateCaves>
            <generateVolcanos>false</generateVolcanos>
            <generateStructures>false</generateStructures>
            <generateGeodes>false</generateGeodes>
            <planet DIMID="80" name="Alykitt 77: 2">
                <isKnown>false</isKnown>
                <fogColor>1.0,1.0,1.0</fogColor>
                <skyColor>0.8,0.8008946,0.9371844</skyColor>
                <gravitationalMultiplier>69</gravitationalMultiplier>
                <orbitalDistance>187</orbitalDistance>
                <orbitalTheta>43</orbitalTheta>
                <orbitalPhi>-68</orbitalPhi>
                <retrograde>false</retrograde>
                <avgTemperature>224</avgTemperature>
                <rotationalPeriod>73057</rotationalPeriod>
                <atmosphereDensity>35</atmosphereDensity>
                <generateCraters>true</generateCraters>
                <generateCaves>false</generateCaves>
                <generateVolcanos>false</generateVolcanos>
                <generateStructures>false</generateStructures>
                <generateGeodes>false</generateGeodes>
                <biomeIds>byg:btropicalmountains;3,midnight:warped_fields;30,midnight:obscured_peaks;30,minecraft:mutated_forest;30,minecraft:deep_ocean;30</biomeIds>
            </planet>
            <planet DIMID="78" name="Alykitt 77: 0">
                <isKnown>false</isKnown>
                <fogColor>1.0,1.0,1.0</fogColor>
                <skyColor>0.8,0.93720424,0.8294796</skyColor>
                <gravitationalMultiplier>65</gravitationalMultiplier>
                <orbitalDistance>155</orbitalDistance>
                <orbitalTheta>141</orbitalTheta>
                <orbitalPhi>-247</orbitalPhi>
                <retrograde>false</retrograde>
                <avgTemperature>246</avgTemperature>
                <rotationalPeriod>87391</rotationalPeriod>
                <atmosphereDensity>15</atmosphereDensity>
                <generateCraters>true</generateCraters>
                <generateCaves>false</generateCaves>
                <generateVolcanos>false</generateVolcanos>
                <generateStructures>false</generateStructures>
                <generateGeodes>false</generateGeodes>
                <biomeIds>advancedrocketry:moon;30,advancedrocketry:moondark;30</biomeIds>
            </planet>
            <planet DIMID="79" name="Alykitt 77: 1">
                <isKnown>false</isKnown>
                <fogColor>1.0,1.0,1.0</fogColor>
                <skyColor>0.8,0.8338995,0.7191626</skyColor>
                <gravitationalMultiplier>52</gravitationalMultiplier>
                <orbitalDistance>118</orbitalDistance>
                <orbitalTheta>255</orbitalTheta>
                <orbitalPhi>229</orbitalPhi>
                <retrograde>false</retrograde>
                <avgTemperature>282</avgTemperature>
                <rotationalPeriod>170687</rotationalPeriod>
                <atmosphereDensity>24</atmosphereDensity>
                <generateCraters>true</generateCraters>
                <generateCaves>false</generateCaves>
                <generateVolcanos>false</generateVolcanos>
                <generateStructures>false</generateStructures>
                <generateGeodes>false</generateGeodes>
                <biomeIds>advancedrocketry:moon;30,advancedrocketry:moondark;30</biomeIds>
            </planet>
        </planet>
    </star>
</galaxy>
