{"stat.chestOpened":4,"stat.killEntity.cyberzombie":1,"stat.drop.huajiage.lord_core":1,"stat.drop.harvestcraft.parsnipitem":1,"stat.walkOneCm":176705,"stat.pickup.minecraft.bone":3,"stat.drop.harvestcraft.chilipepperitem":1,"stat.playerKills":9,"stat.horseOneCm":12342,"stat.pickup.rewired.shield.polymer":1,"stat.pickup.minecraft.arrow":4,"stat.drop.cyberware.body_part":1,"stat.pickup.armorplus.dusk":1,"stat.drop.armorplus.coal_helmet":1,"stat.drop.harvestcraft.elderberryitem":1,"stat.killEntity.vampirism.vampire":1,"stat.useItem.cyberware.surgery":4,"stat.killEntity.cyberskeleton":2,"stat.pickup.harvestcraft.chilipepperitem":1,"stat.useItem.huajiage.wave_knife":3,"stat.drop.harvestcraft.wintersquashitem":1,"stat.jump":139,"stat.pickup.huajiage.wave_knife":1,"stat.fallOneCm":4415,"stat.climbOneCm":532,"stat.pickup.minecraft.iron_ingot":3,"stat.drop.huajiage.expended_view":1,"stat.mineBlock.harvestcraft.windygarden":3,"stat.pickup.cyberware.component_box":1,"stat.pickup.minecraft.gunpowder":1,"stat.crouchOneCm":1093,"stat.pickup.huajiage.lord_core":1,"stat.pickup.scalinghealth.heartcontainer":1,"stat.sprintOneCm":25707,"stat.pickup.armorplus.coal_helmet":1,"stat.useItem.minecraft.stone_slab2":13,"stat.useItem.huajiage.reo_cherry":1,"stat.pickup.huajiage.orga_requiem":1,"stat.drop.huajiage.second_foil":1,"stat.pickup.minecraft.skull":2,"stat.pickup.minecraft.rotten_flesh":2,"stat.drop.harvestcraft.barleyitem":2,"stat.drop.harvestcraft.strawberryitem":1,"stat.pickup.harvestcraft.parsnipitem":1,"stat.pickup.minecraft.coal_block":5,"stat.useItem.carryon.tile_item":5,"stat.useItem.huajiage.dio_bread":1,"stat.pickup.huajiage.disc":1,"stat.useItem.cyberware.blueprint_archive":1,"stat.useItem.cyberware.charger":1,"stat.pickup.harvestcraft.barleyitem":2,"stat.craftItem.armorplus.coal_helmet":1,"stat.drop.huajiage.infinite_charm":1,"stat.damageTaken":4920,"stat.pickup.minecraft.leather":1,"stat.pickup.harvestcraft.strawberryitem":1,"stat.pickup.huajiage.infinite_charm":1,"stat.killEntity.techguns.ZombieMiner":2,"stat.pickup.huajiage.hero_bow":1,"stat.pickup.harvestcraft.wintersquashitem":1,"stat.drop.huajiage.hero_bow":1,"stat.mobKills":10,"stat.pickup.huajiage.lord_key":1,"stat.drop.huajiage.wave_knife":1,"stat.pickup.harvestcraft.mustardseedsitem":1,"stat.flyOneCm":104130,"stat.deaths":6,"stat.drop":16,"stat.playOneMinute":129716,"stat.drop.harvestcraft.mustardseedsitem":1,"stat.useItem.cyberware.surgery_chamber":2,"stat.sneakTime":551,"stat.drop.huajiage.lord_key":1,"stat.killEntity.techguns.ZombieFarmer":1,"stat.damageDealt":244,"stat.pickup.minecraft.redstone":4,"stat.timeSinceDeath":52636,"stat.useItem.cyberware.scanner":1,"stat.pickup.huajiage.expended_view":1,"stat.killEntity.quark:ashen":1,"stat.useItem.cyberware.engineering_table":1,"stat.pickup.harvestcraft.elderberryitem":1}